__v,_id,approved,audioPlayer,audioShuffle,audioSticky,audioVolume,audios,availabilityStatus,avatarPosition,avatarUrl,backgroundDuration,backgroundLoop,backgroundShuffle,backgrounds,bannerPosition,bannerUrl,bio,contactMethods,createdAt,customization,description,displayName,featured,featuredProjects,github,headline,isPremium,isStaff,isVerified,lastSeen,likes,linkedin,location,premiumFeatures,profileBackgroundPosition,profileBadges,profileImages,role,roles,slug,status,tags,tools,twitter,updatedAt,userId,username,verificationBadge,views,website,weeklyLikes,weeklyViews
"""6918cd112e72901c68a01b83""","""6918cc662e72901c68a01b7a""",d,d,owner @ starlit,Designing since 2025.,United States,open,[],"[""CEO"",""Photoshop""]",Verified Staff,https://drewbxr.carrd.co/,true,false,2025-11-15T18:57:21.619Z,2026-01-18T16:53:23.270Z,7,32,true,[],"{""primaryColor"":""#3B82F6"",""secondaryColor"":""#8B5CF6"",""positioning"":""center"",""fontStyle"":""sans-serif"",""cardStyle"":""modern"",""shadowIntensity"":""medium"",""animationSpeed"":""normal"",""enableParticles"":false,""showSocialIcons"":true,""compactMode"":false,""hideStats"":false,""avatarRadius"":50,""profileOpacity"":50,""profileBlur"":20,""backgroundEffect"":""stars"",""usernameEffect"":""glow"",""enterText"":""$"",""accentColor"":""#3B82F6"",""textColor"":""#FFFFFF"",""secondaryTextColor"":""#DDDDDD"",""backgroundColor"":""#0A0A0A"",""gradientEnabled"":false,""gradientColors"":[""#3B82F6"",""#8B5CF6""],""backgroundType"":""gradient"",""backgroundGradient"":""linear-gradient(135deg, #667eea 0%, #764ba2 100%)"",""borderEnabled"":false,""borderColor"":""#3B82F6"",""borderRadius"":16,""aboutMeEnabled"":true,""aboutMeText"":"""",""aboutMeAdvanced"":false,""showJoinDate"":true,""timeFormat"":""12h"",""displayMode"":""absolute"",""timeSchema"":""MMM DD, YYYY, HH:mm A"",""volumeControl"":true,""titleAnimation"":""typing"",""forceEnterScreen"":true,""showViews"":true,""viewsAnimation"":false,""viewsAnimationDuration"":1000,""parallaxEnabled"":false,""parallaxInverted"":false,""parallaxIntensity"":50,""allowFeedback"":false,""allowComments"":false,""commentsPublic"":false,""theme"":""modern""}",Drew,true,[],[],drew,4,31,4,https://res.cloudinary.com/dhfwcylku/image/upload/v1768611031/starlit/profiles/avatars/jqbu8ehs4qajha76rtq2.png,https://cdn.discordapp.com/attachments/1433882807419015198/1449522313748938792/IMG_6803.jpg?ex=693f345a&is=693de2da&hm=2327e41738c86c7315b341fe83d0721419c0be5e850a57ff5e3d5422bb632ec6&,,owner @ starlit,[],Drewbxr,false,,"{""unlimitedImages"":true,""customDomain"":true,""prioritySupport"":true,""analyticsAccess"":true,""customBranding"":true,""adFree"":true}",,[],,none,center,center,2025-12-14T22:32:43.829Z,center,offline,false,false,false,true,"[{""url"":""https://res.cloudinary.com/dhfwcylku/video/upload/v1768611070/starlit/profiles/audio/qs42gjwufmdxol1fmnha.mp3"",""name"":""Drake - I Get Lonely (432Hz)"",""_id"":""696adcff7f427813c6d4cf19""}]",5,false,false,"[{""url"":""https://res.cloudinary.com/dhfwcylku/image/upload/v1768611054/starlit/profiles/backgrounds/dgpwwnfeqmulatesmpzd.png"",""position"":""center"",""_id"":""696adcf07f427813c6d4cf0f""},{""url"":""https://res.cloudinary.com/dhfwcylku/image/upload/v1768611355/starlit/profiles/backgrounds/cii47pc8uoyatk75rjsb.png"",""position"":""center"",""_id"":""696ade1d7f427813c6d4cf5f""},{""url"":""https://res.cloudinary.com/dhfwcylku/image/upload/v1768705438/starlit/profiles/backgrounds/zolw06fo6lcnluhpyutm.jpg"",""position"":""center"",""_id"":""696c4da03a25cd77b5f9609e""}]"
"""6922facff280a9da8de57cc8""","""6918de9088db45809edd5c29""",ice,realice,Realice,Just a regular guy trying to survive school.,,Chill guy? Yessir!!!,https://cdn.vervecustoms.com/logo/pfp.png,https://cdn.vervecustoms.com/banners/Realice.png,"London, GB",open,[],"[""Adobe Illustrator"",""Adobe Photoshop"",""Visual Studio Code"",""Python"",""React"",""Tailwind CSS""]","[""Developer"",""Full Stack Developer"",""UX Designer""]",Developer,[],"[""https://cdn.vervecustoms.com/banners/Realice.png""]",true,"{""primaryColor"":""#10B981"",""secondaryColor"":""#3B82F6"",""positioning"":""center"",""fontStyle"":""sans-serif"",""cardStyle"":""modern"",""shadowIntensity"":""medium"",""animationSpeed"":""normal"",""enableParticles"":false,""showSocialIcons"":true,""compactMode"":false,""hideStats"":false,""avatarRadius"":100,""profileOpacity"":100,""profileBlur"":10,""backgroundEffect"":""snow"",""usernameEffect"":""typing"",""enterText"":""Enter ts"",""accentColor"":""#06abfe"",""textColor"":""#919191"",""secondaryTextColor"":""#ffffff"",""backgroundColor"":""#1a1a1a"",""gradientEnabled"":true,""gradientColors"":[""#3B82F6"",""#8B5CF6""],""backgroundType"":""image"",""backgroundGradient"":""linear-gradient(135deg, #667eea 0%, #764ba2 100%)"",""borderEnabled"":true,""borderColor"":""#591212"",""borderRadius"":16,""aboutMeEnabled"":true,""aboutMeText"":""**bold**, *italic*, [links](url), `code`\n\n~~strikethrough~~\n\n> Quote from me\n\n- Bullet \n- Points\n- Are\n- Cool\n- Again\n# *ParkUI Doxs cus why not*\n\n| Prop | Default | Type |\n| --- | --- | --- |\n| `closeDelay` | 150 | `number`<br/>The close delay of the tooltip. |\n| `closeOnClick` | true | `boolean`<br/>Whether the tooltip should close on click |\n| `closeOnEscape` | true | `boolean`<br/>Whether to close the tooltip when the Escape key is pressed. |\n| `closeOnPointerDown` | true | `boolean`<br/>Whether to close the tooltip on pointerdown. |\n| `closeOnScroll` | true | `boolean`<br/>Whether the tooltip should close on scroll |\n| `interactive` | false | `boolean`<br/>Whether the tooltip's content is interactive.\n| `lazyMount` | false | `boolean`<br/>Whether to enable lazy mounting |\n| `openDelay` | 400 | `number`<br/>The open delay of the tooltip. |\n| `skipAnimationOnMount` | false | `boolean`<br/>Whether to allow the initial presence animation. |"",""aboutMeAdvanced"":false,""showJoinDate"":true,""timeFormat"":""24h"",""displayMode"":""relative"",""timeSchema"":""MMM DD, YYYY, HH:mm A"",""volumeControl"":true,""titleAnimation"":""typing"",""forceEnterScreen"":true,""showViews"":true,""viewsAnimation"":true,""viewsAnimationDuration"":1700,""parallaxEnabled"":true,""parallaxInverted"":false,""parallaxIntensity"":50,""allowFeedback"":true,""allowComments"":true,""commentsPublic"":true,""theme"":""portfolio""}",,,,,true,false,1,2,2,1,true,2025-11-23T12:15:11.424Z,2026-01-16T22:18:05.526Z,3,,[],false,"{""unlimitedImages"":true,""customDomain"":true,""prioritySupport"":true,""analyticsAccess"":true,""customBranding"":true,""adFree"":true}",https://cdn.vervecustoms.com/banners/Realice.png,[],none,center,center,2025-12-14T22:40:36.542Z,center,offline,false,false,false,true,[],5,false,false,[]
"""693de07d61cd05485e4f1d86""","""693dd7dd7e0030b3466b2b41""",sonar,sonar,Sonar,Shaping Your Vision Into Quality,,Hey There! I am a developer who was heavily inspired on coding!,https://cdn.discordapp.com/attachments/1448750166172499968/1448750179288223794/CfvWoXwodi.png?ex=693f083f&is=693db6bf&hm=b7d92e5e87a81b5b94db59c2358417efcb1782ef6acace65de30715bb5e99ea3&,https://cdn.discordapp.com/attachments/1448750166172499968/1449512658205409320/oCCucWVc1w.png?ex=693f2b5c&is=693dd9dc&hm=c74ae1d096dbc20d1431bec83829d020cbb106a71fdffabf2511f9c374fe3a64&,United Kingdom,open,[],"[""Visual Studio Code""]","[""Developer"",""Designer""]",Developer,"[{""type"":""email"",""value"":""sonarsilly@proton.me"",""label"":"""",""_id"":""693df52baf1ae37bad9c6a4b""},{""type"":""discord"",""value"":""Sonarsilly"",""label"":"""",""_id"":""693df52baf1ae37bad9c6a4c""}]",[],true,"{""primaryColor"":""#0066fe"",""secondaryColor"":""#4d94fe"",""backgroundColor"":""#0A0A0A"",""positioning"":""center"",""theme"":""blue"",""backgroundType"":""solid"",""backgroundGradient"":""linear-gradient(135deg, #667eea 0%, #764ba2 100%)""}",,Sonarwashere,Sonarsilly,,true,true,2,3,3,2,true,2025-11-23T12:15:11.424Z,2025-12-13T23:22:19.158Z,4,center,center,,[],false,2025-12-13T23:20:20.954Z,"{""unlimitedImages"":true,""customDomain"":true,""prioritySupport"":true,""analyticsAccess"":true,""customBranding"":true,""adFree"":true}",center,,[],offline,none
"""6963faf1a4759f683df85e07""","""6963f9f4a4759f683df85dce""",a,a,alex,c++ enjoyer and teacher,,"i make things that actually work ",https://imgur.com/j1W26EO,center,,center,"Toronto, ON",open,offline,[],"[""Canva"",""GIMP"",""JavaScript"",""NodeJS"",""Python"",""React"",""Photopea"",""Tailwind CSS"",""TypeScript"",""Unity"",""Unreal Engine"",""Visual Studio Code"",""Vue"",""HTML"",""CSS"",""Adobe Photoshop"",""Adobe Express"",""Adobe Illustrator""]","[""Backend Developer"",""Developer"",""Frontend Developer"",""Game Developer"",""Mobile Developer"",""Musician"",""Photographer"",""Software Engineer"",""iOS Developer""]",Backend Developer,"[{""type"":""discord"",""value"":""cynthiaproject"",""label"":"""",""_id"":""696517c32d08d139b44bf9fb""}]",[],true,center,[],"{""primaryColor"":""#010c1d"",""secondaryColor"":""#e2d7fd"",""backgroundColor"":""#0A0A0A"",""positioning"":""left"",""theme"":""blue"",""backgroundType"":""gradient"",""backgroundGradient"":""linear-gradient(135deg, #667eea 0%, #764ba2 100%)""}",https://mrak.me,,piercingveil,,true,false,0,1,1,0,true,false,none,"{""unlimitedImages"":true,""customDomain"":true,""prioritySupport"":true,""analyticsAccess"":true,""customBranding"":true,""adFree"":true}",[],2026-01-11T19:33:05.337Z,2026-01-12T15:48:19.569Z,2026-01-11T19:33:05.337Z,2,2026-02-11T15:44:43.568Z,,
"""696b525280ce7c8c9f1c8f88""","""696b512780ce7c8c9f1c8f4a""",s,s,Sharkzy,Designer striving to craft perfection.,,"Hey! My name is Sharkzy and I have worked in various different titles across a variety of different servers. Some as staff positions and some as designer. If you need anything, feel free to shoot me a DM and I will try to get to you.",https://i.imgur.com/6OGuBXB.jpeg,center,https://i.imgur.com/01AD6dv.png,center,"Victoria, Australia",open,offline,[],"[""Canva"",""Photopea""]","[""Photographer"",""Logo Designer"",""Icon Designer"",""Graphic Designer"",""Game Developer"",""Game Designer"",""Editor"",""Designer"",""Developer""]",Photographer,[],[],false,center,[],"{""primaryColor"":""#10B981"",""secondaryColor"":""#3B82F6"",""positioning"":""center"",""fontStyle"":""sans-serif"",""cardStyle"":""modern"",""shadowIntensity"":""medium"",""animationSpeed"":""normal"",""enableParticles"":false,""showSocialIcons"":true,""compactMode"":false,""hideStats"":false,""avatarRadius"":50,""profileOpacity"":100,""profileBlur"":0,""backgroundEffect"":""none"",""usernameEffect"":""none"",""accentColor"":""#3B82F6"",""textColor"":""#FFFFFF"",""secondaryTextColor"":""#DDDDDD"",""backgroundColor"":""#030303"",""gradientEnabled"":false,""gradientColors"":[""#3B82F6"",""#8B5CF6""],""backgroundType"":""solid"",""borderEnabled"":false,""borderColor"":""#3B82F6"",""borderRadius"":16,""aboutMeEnabled"":true,""aboutMeText"":""Hi! My name is Sharkzy, and I’m a designer & contributor working across multiple Roblox titles.\n🌍 Based in Australia\n🔧 I primarily work in 3D design, UI design, and community management\n🚀 Contributed to 2B+ game visits\n🕸️ Staff at haunt.gg\n📁 My group: https://www.roblox.com/communities/96327783/sharkzy#!/about\n\n💬 Business inquiries or ASA-related appeals welcome.\n\n“Feel like an electric guitar, but I’m fading”…"",""aboutMeAdvanced"":false,""showJoinDate"":true,""timeFormat"":""12h"",""displayMode"":""absolute"",""timeSchema"":""MMM DD, YYYY, HH:mm A"",""volumeControl"":false,""titleAnimation"":""none"",""showViews"":true,""viewsAnimation"":true,""viewsAnimationDuration"":3000,""parallaxEnabled"":true,""parallaxInverted"":false,""parallaxIntensity"":50,""allowFeedback"":true,""allowComments"":true,""commentsPublic"":false,""theme"":""portfolio"",""forceEnterScreen"":false}",false,false,5,false,false,true,false,,sharkzy23,sharkzy23,,true,false,1,0,0,1,false,false,none,"{""unlimitedImages"":false,""customDomain"":false,""prioritySupport"":false,""analyticsAccess"":false,""customBranding"":false,""adFree"":false}",[],[],[],2026-01-17T09:11:46.069Z,2026-01-17T09:14:46.112Z,2026-01-17T09:11:46.069Z,2
"""696e346906df1d1df8fa2e41""","""696e340506df1d1df8fa2e1b""",0,0,andrew,tuff,yuh,"Andrew
- Staff Member @ Soccer Zero
- Black
- Graphic Designer",https://res.cloudinary.com/dhfwcylku/image/upload/v1768830881/starlit/profiles/avatars/xlnhljtx5grd3xmvgggb.jpg,center,,center,Houston,open,offline,[],"[""Illustrator"",""Affinity Designer""]","[""Graphic Designer"",""Writer"",""Logo Designer""]",Graphic Designer,[],[],false,center,[],"{""primaryColor"":""#3B82F6"",""secondaryColor"":""#8B5CF6"",""positioning"":""center"",""fontStyle"":""sans-serif"",""cardStyle"":""modern"",""shadowIntensity"":""medium"",""animationSpeed"":""normal"",""enableParticles"":false,""showSocialIcons"":true,""compactMode"":false,""hideStats"":false,""avatarRadius"":0,""profileOpacity"":100,""profileBlur"":0,""backgroundEffect"":""rain"",""usernameEffect"":""glow"",""accentColor"":""#ffffff"",""textColor"":""#FFFFFF"",""secondaryTextColor"":""#DDDDDD"",""backgroundColor"":""#030303"",""gradientEnabled"":false,""gradientColors"":[""#3B82F6"",""#8B5CF6""],""backgroundType"":""solid"",""borderEnabled"":true,""borderColor"":""#ffffff"",""borderRadius"":16,""aboutMeEnabled"":true,""aboutMeText"":""Im so cool"",""aboutMeAdvanced"":false,""showJoinDate"":true,""timeFormat"":""12h"",""displayMode"":""absolute"",""timeSchema"":""MMM DD, YYYY, HH:mm A"",""volumeControl"":false,""titleAnimation"":""none"",""showViews"":true,""viewsAnimation"":true,""viewsAnimationDuration"":1000,""parallaxEnabled"":false,""parallaxInverted"":false,""parallaxIntensity"":50,""allowFeedback"":true,""allowComments"":true,""commentsPublic"":true,""theme"":""modern""}",false,false,5,false,false,true,false,https://haunt.gg/andrew,,,,true,false,0,0,0,0,false,false,none,"{""unlimitedImages"":false,""customDomain"":false,""prioritySupport"":false,""analyticsAccess"":false,""customBranding"":false,""adFree"":false}",[],"[{""url"":""https://res.cloudinary.com/dhfwcylku/image/upload/v1768830713/starlit/profiles/backgrounds/fu72zu4kdppn5j6z5lqt.jpg"",""position"":""center"",""_id"":""696e36fa06df1d1df8fa2f20""}]","[{""url"":""https://res.cloudinary.com/dhfwcylku/video/upload/v1768830841/starlit/profiles/audio/kkvrvx2qu4nve1btckoi.mp3"",""name"":""[FREE] Nemzzz x Sample Type Beat ''AIRPLANE MODE''"",""_id"":""696e377b06df1d1df8fa2f39""},{""url"":""https://res.cloudinary.com/dhfwcylku/video/upload/v1768830915/starlit/profiles/audio/evm7e2l6dnyz0m8ofxcd.mp3"",""name"":""0dcf83cc-12cc-4c40-b72f-9e045eab2a08"",""_id"":""696e37c406df1d1df8fa2f70""}]",2026-01-19T13:40:57.214Z,2026-01-19T13:58:21.847Z,2026-01-19T13:40:57.214Z,3
"""696e391206df1d1df8fa3001""","""696e38da06df1d1df8fa2feb""",b,b,begot,x,x,,,center,,center,,open,offline,[],"[""TypeScript""]","[""Software Engineer""]",Software Engineer,[],[],true,center,[],"{""primaryColor"":""#8B5CF6"",""secondaryColor"":""#EC4899"",""positioning"":""center"",""fontStyle"":""sans-serif"",""cardStyle"":""modern"",""shadowIntensity"":""medium"",""animationSpeed"":""normal"",""enableParticles"":false,""showSocialIcons"":true,""compactMode"":false,""hideStats"":false,""avatarRadius"":50,""profileOpacity"":100,""profileBlur"":0,""backgroundEffect"":""none"",""usernameEffect"":""none"",""accentColor"":""#0A0A0a"",""textColor"":""#0A0A0A"",""secondaryTextColor"":""#0A0A0A"",""backgroundColor"":""#0A0A0A"",""gradientEnabled"":false,""gradientColors"":[""#3B82F6"",""#8B5CF6""],""backgroundType"":""solid"",""borderEnabled"":false,""borderColor"":""#3B82F6"",""borderRadius"":16,""aboutMeEnabled"":false,""aboutMeText"":"""",""aboutMeAdvanced"":false,""showJoinDate"":false,""timeFormat"":""12h"",""displayMode"":""absolute"",""timeSchema"":""MMM DD, YYYY, HH:mm A"",""volumeControl"":false,""titleAnimation"":""none"",""showViews"":false,""viewsAnimation"":false,""viewsAnimationDuration"":1000,""parallaxEnabled"":false,""parallaxInverted"":false,""parallaxIntensity"":50,""allowFeedback"":false,""allowComments"":false,""commentsPublic"":false,""theme"":""modern"",""forceEnterScreen"":false}",false,false,5,false,false,true,false,,,,,true,false,0,0,0,0,false,false,none,"{""unlimitedImages"":true,""customDomain"":true,""prioritySupport"":true,""analyticsAccess"":true,""customBranding"":true,""adFree"":true}",[],[],[],2026-01-19T14:00:50.214Z,2026-01-19T14:03:57.159Z,2026-01-19T14:00:50.214Z,0,2026-02-18T14:03:57.139Z
"""696ea942c29dd0c813ccfa45""","""696ea941c29dd0c813ccfa3d""",telavivhk685452,telavivhk685452,telavivhk,ישראל היא הבית שלי,ישראלי גאה,"אני מעריץ של סטארביו! אני אוהב את האתר הזה, תהילה לנטניהו.",https://files.catbox.moe/aetj2v.png,center,,center,"Tel Aviv, Israel",open,offline,[],"[""AWS""]","[""Frontend Developer""]",Frontend Developer,[],[],false,center,[],"{""primaryColor"":""#6366F1"",""secondaryColor"":""#EF4444"",""positioning"":""right"",""theme"":""portfolio"",""fontStyle"":""sans-serif"",""cardStyle"":""modern"",""shadowIntensity"":""medium"",""animationSpeed"":""normal"",""enableParticles"":false,""showSocialIcons"":true,""compactMode"":false,""hideStats"":false,""avatarRadius"":50,""profileOpacity"":100,""profileBlur"":0,""backgroundEffect"":""none"",""usernameEffect"":""none"",""accentColor"":""#3B82F6"",""textColor"":""#FFFFFF"",""secondaryTextColor"":""#DDDDDD"",""backgroundColor"":""#030303"",""gradientEnabled"":false,""gradientColors"":[""#3B82F6"",""#8B5CF6""],""backgroundType"":""solid"",""borderEnabled"":false,""borderColor"":""#3B82F6"",""borderRadius"":16,""aboutMeEnabled"":true,""aboutMeAdvanced"":false,""showJoinDate"":true,""timeFormat"":""12h"",""displayMode"":""absolute"",""timeSchema"":""MMM DD, YYYY, HH:mm A"",""volumeControl"":false,""titleAnimation"":""none"",""forceEnterScreen"":false,""showViews"":true,""viewsAnimation"":false,""viewsAnimationDuration"":1000,""parallaxEnabled"":false,""parallaxInverted"":false,""parallaxIntensity"":50,""allowFeedback"":false,""allowComments"":false,""commentsPublic"":false}",false,false,5,false,false,true,false,https://www.idf.il/,https://twitter.com/IDF,https://github.com/IsraeliTech,https://www.linkedin.com/company/israel-defense-forces/,true,false,0,0,0,0,false,false,none,"{""unlimitedImages"":false,""customDomain"":false,""prioritySupport"":false,""analyticsAccess"":false,""customBranding"":false,""adFree"":false}",[],[],[],2026-01-19T21:59:30.060Z,2026-01-19T21:59:30.079Z,2026-01-19T21:59:30.060Z,0
"""696ea973c29dd0c813ccfab1""","""696ea972c29dd0c813ccfaa9""",israelil5on402,israelil5on402,israelil5on,ישראל תמיד,תומך בישראל,"אני מעריץ של סטארביו! אני אוהב את האתר הזה, תהילה לנטניהו.",https://files.catbox.moe/aetj2v.png,center,,center,"Tel Aviv, Israel",open,offline,[],"[""Vue"",""React"",""Go""]","[""Graphic Designer""]",Graphic Designer,[],[],false,center,[],"{""primaryColor"":""#EF4444"",""secondaryColor"":""#6366F1"",""positioning"":""right"",""theme"":""blue"",""fontStyle"":""sans-serif"",""cardStyle"":""modern"",""shadowIntensity"":""medium"",""animationSpeed"":""normal"",""enableParticles"":false,""showSocialIcons"":true,""compactMode"":false,""hideStats"":false,""avatarRadius"":50,""profileOpacity"":100,""profileBlur"":0,""backgroundEffect"":""none"",""usernameEffect"":""none"",""accentColor"":""#3B82F6"",""textColor"":""#FFFFFF"",""secondaryTextColor"":""#DDDDDD"",""backgroundColor"":""#030303"",""gradientEnabled"":false,""gradientColors"":[""#3B82F6"",""#8B5CF6""],""backgroundType"":""solid"",""borderEnabled"":false,""borderColor"":""#3B82F6"",""borderRadius"":16,""aboutMeEnabled"":true,""aboutMeAdvanced"":false,""showJoinDate"":true,""timeFormat"":""12h"",""displayMode"":""absolute"",""timeSchema"":""MMM DD, YYYY, HH:mm A"",""volumeControl"":false,""titleAnimation"":""none"",""forceEnterScreen"":false,""showViews"":true,""viewsAnimation"":false,""viewsAnimationDuration"":1000,""parallaxEnabled"":false,""parallaxInverted"":false,""parallaxIntensity"":50,""allowFeedback"":false,""allowComments"":false,""commentsPublic"":false}",false,false,5,false,false,true,false,https://www.idf.il/,https://twitter.com/IDF,https://github.com/IsraeliTech,https://www.linkedin.com/company/israel-defense-forces/,true,false,0,0,0,0,false,false,none,"{""unlimitedImages"":false,""customDomain"":false,""prioritySupport"":false,""analyticsAccess"":false,""customBranding"":false,""adFree"":false}",[],[],[],2026-01-19T22:00:19.803Z,2026-01-19T22:00:19.820Z,2026-01-19T22:00:19.803Z,0
"""696ea97ac29dd0c813ccfac9""","""696ea979c29dd0c813ccfac1""",zionro6165,zionro6165,zionro,תומך בנטניהו,ישראל חזקה,"אני מעריץ של סטארביו! אני אוהב את האתר הזה, תהילה לנטניהו.",https://files.catbox.moe/aetj2v.png,center,,center,"Tel Aviv, Israel",open,offline,[],"[""Kubernetes"",""Photoshop"",""JavaScript""]","[""Product Designer""]",Product Designer,[],[],false,center,[],"{""primaryColor"":""#EF4444"",""secondaryColor"":""#F97316"",""positioning"":""center"",""theme"":""portfolio"",""fontStyle"":""sans-serif"",""cardStyle"":""modern"",""shadowIntensity"":""medium"",""animationSpeed"":""normal"",""enableParticles"":false,""showSocialIcons"":true,""compactMode"":false,""hideStats"":false,""avatarRadius"":50,""profileOpacity"":100,""profileBlur"":0,""backgroundEffect"":""none"",""usernameEffect"":""none"",""accentColor"":""#3B82F6"",""textColor"":""#FFFFFF"",""secondaryTextColor"":""#DDDDDD"",""backgroundColor"":""#030303"",""gradientEnabled"":false,""gradientColors"":[""#3B82F6"",""#8B5CF6""],""backgroundType"":""solid"",""borderEnabled"":false,""borderColor"":""#3B82F6"",""borderRadius"":16,""aboutMeEnabled"":true,""aboutMeAdvanced"":false,""showJoinDate"":true,""timeFormat"":""12h"",""displayMode"":""absolute"",""timeSchema"":""MMM DD, YYYY, HH:mm A"",""volumeControl"":false,""titleAnimation"":""none"",""forceEnterScreen"":false,""showViews"":true,""viewsAnimation"":false,""viewsAnimationDuration"":1000,""parallaxEnabled"":false,""parallaxInverted"":false,""parallaxIntensity"":50,""allowFeedback"":false,""allowComments"":false,""commentsPublic"":false}",false,false,5,false,false,true,false,https://www.idf.il/,https://twitter.com/IDF,https://github.com/IsraeliTech,https://www.linkedin.com/company/israel-defense-forces/,true,false,0,0,0,0,false,false,none,"{""unlimitedImages"":false,""customDomain"":false,""prioritySupport"":false,""analyticsAccess"":false,""customBranding"":false,""adFree"":false}",[],[],[],2026-01-19T22:00:26.847Z,2026-01-19T22:00:26.867Z,2026-01-19T22:00:26.847Z,0
"""696ea982c29dd0c813ccfafc""","""696ea981c29dd0c813ccfaf4""",zionistqr069,zionistqr069,zionistqr,ישראל היא הבית שלי,גאה להיות ישראלי,"אני מעריץ של סטארביו! אני אוהב את האתר הזה, תהילה לנטניהו.",https://files.catbox.moe/aetj2v.png,center,,center,"Tel Aviv, Israel",open,offline,[],"[""Vue"",""React"",""Kubernetes"",""Photoshop""]","[""Creative Director""]",Creative Director,[],[],false,center,[],"{""primaryColor"":""#EC4899"",""secondaryColor"":""#3B82F6"",""positioning"":""center"",""theme"":""modern"",""fontStyle"":""sans-serif"",""cardStyle"":""modern"",""shadowIntensity"":""medium"",""animationSpeed"":""normal"",""enableParticles"":false,""showSocialIcons"":true,""compactMode"":false,""hideStats"":false,""avatarRadius"":50,""profileOpacity"":100,""profileBlur"":0,""backgroundEffect"":""none"",""usernameEffect"":""none"",""accentColor"":""#3B82F6"",""textColor"":""#FFFFFF"",""secondaryTextColor"":""#DDDDDD"",""backgroundColor"":""#030303"",""gradientEnabled"":false,""gradientColors"":[""#3B82F6"",""#8B5CF6""],""backgroundType"":""solid"",""borderEnabled"":false,""borderColor"":""#3B82F6"",""borderRadius"":16,""aboutMeEnabled"":true,""aboutMeAdvanced"":false,""showJoinDate"":true,""timeFormat"":""12h"",""displayMode"":""absolute"",""timeSchema"":""MMM DD, YYYY, HH:mm A"",""volumeControl"":false,""titleAnimation"":""none"",""forceEnterScreen"":false,""showViews"":true,""viewsAnimation"":false,""viewsAnimationDuration"":1000,""parallaxEnabled"":false,""parallaxInverted"":false,""parallaxIntensity"":50,""allowFeedback"":false,""allowComments"":false,""commentsPublic"":false}",false,false,5,false,false,true,false,https://www.idf.il/,https://twitter.com/IDF,https://github.com/IsraeliTech,https://www.linkedin.com/company/israel-defense-forces/,true,false,0,0,0,0,false,false,none,"{""unlimitedImages"":false,""customDomain"":false,""prioritySupport"":false,""analyticsAccess"":false,""customBranding"":false,""adFree"":false}",[],[],[],2026-01-19T22:00:34.214Z,2026-01-19T22:00:34.229Z,2026-01-19T22:00:34.214Z,0
"""696ea989c29dd0c813ccfb33""","""696ea988c29dd0c813ccfb2b""",jerusalem1s2647,jerusalem1s2647,jerusalem1s2,ישראל היא הבית שלי,ישראלי גאה,"אני מעריץ של סטארביו! אני אוהב את האתר הזה, תהילה לנטניהו.",https://files.catbox.moe/aetj2v.png,center,,center,"Tel Aviv, Israel",open,offline,[],"[""React"",""AWS"",""JavaScript""]","[""Backend Developer""]",Backend Developer,[],[],false,center,[],"{""primaryColor"":""#8B5CF6"",""secondaryColor"":""#EC4899"",""positioning"":""right"",""theme"":""default"",""fontStyle"":""sans-serif"",""cardStyle"":""modern"",""shadowIntensity"":""medium"",""animationSpeed"":""normal"",""enableParticles"":false,""showSocialIcons"":true,""compactMode"":false,""hideStats"":false,""avatarRadius"":50,""profileOpacity"":100,""profileBlur"":0,""backgroundEffect"":""none"",""usernameEffect"":""none"",""accentColor"":""#3B82F6"",""textColor"":""#FFFFFF"",""secondaryTextColor"":""#DDDDDD"",""backgroundColor"":""#030303"",""gradientEnabled"":false,""gradientColors"":[""#3B82F6"",""#8B5CF6""],""backgroundType"":""solid"",""borderEnabled"":false,""borderColor"":""#3B82F6"",""borderRadius"":16,""aboutMeEnabled"":true,""aboutMeAdvanced"":false,""showJoinDate"":true,""timeFormat"":""12h"",""displayMode"":""absolute"",""timeSchema"":""MMM DD, YYYY, HH:mm A"",""volumeControl"":false,""titleAnimation"":""none"",""forceEnterScreen"":false,""showViews"":true,""viewsAnimation"":false,""viewsAnimationDuration"":1000,""parallaxEnabled"":false,""parallaxInverted"":false,""parallaxIntensity"":50,""allowFeedback"":false,""allowComments"":false,""commentsPublic"":false}",false,false,5,false,false,true,false,https://www.idf.il/,https://twitter.com/IDF,https://github.com/IsraeliTech,https://www.linkedin.com/company/israel-defense-forces/,true,false,0,0,0,0,false,false,none,"{""unlimitedImages"":false,""customDomain"":false,""prioritySupport"":false,""analyticsAccess"":false,""customBranding"":false,""adFree"":false}",[],[],[],2026-01-19T22:00:41.870Z,2026-01-19T22:00:41.891Z,2026-01-19T22:00:41.870Z,0
"""696eaa0ec29dd0c813ccfc0c""","""696eaa0dc29dd0c813ccfc02""",israelilovebt156824,israelilovebt156824,israelilovebt,ישראל לנצח,תומך בישראל,"אני מעריץ של סטארביו! אני אוהב את האתר הזה, תהילה לנטניהו.",https://files.catbox.moe/aetj2v.png,center,,center,"Tel Aviv, Israel",open,offline,[],"[""TypeScript"",""Kubernetes"",""Vue"",""Illustrator""]","[""Frontend Developer""]",Frontend Developer,[],[],false,center,[],"{""primaryColor"":""#F59E0B"",""secondaryColor"":""#8B5CF6"",""positioning"":""left"",""theme"":""modern"",""fontStyle"":""sans-serif"",""cardStyle"":""modern"",""shadowIntensity"":""medium"",""animationSpeed"":""normal"",""enableParticles"":false,""showSocialIcons"":true,""compactMode"":false,""hideStats"":false,""avatarRadius"":50,""profileOpacity"":100,""profileBlur"":0,""backgroundEffect"":""none"",""usernameEffect"":""none"",""accentColor"":""#3B82F6"",""textColor"":""#FFFFFF"",""secondaryTextColor"":""#DDDDDD"",""backgroundColor"":""#030303"",""gradientEnabled"":false,""gradientColors"":[""#3B82F6"",""#8B5CF6""],""backgroundType"":""solid"",""borderEnabled"":false,""borderColor"":""#3B82F6"",""borderRadius"":16,""aboutMeEnabled"":true,""aboutMeAdvanced"":false,""showJoinDate"":true,""timeFormat"":""12h"",""displayMode"":""absolute"",""timeSchema"":""MMM DD, YYYY, HH:mm A"",""volumeControl"":false,""titleAnimation"":""none"",""forceEnterScreen"":false,""showViews"":true,""viewsAnimation"":false,""viewsAnimationDuration"":1000,""parallaxEnabled"":false,""parallaxInverted"":false,""parallaxIntensity"":50,""allowFeedback"":false,""allowComments"":false,""commentsPublic"":false}",false,false,5,false,false,true,false,https://www.idf.il/,https://twitter.com/IDF,https://github.com/IsraeliTech,https://www.linkedin.com/company/israel-defense-forces/,true,false,0,0,0,0,false,false,none,"{""unlimitedImages"":false,""customDomain"":false,""prioritySupport"":false,""analyticsAccess"":false,""customBranding"":false,""adFree"":false}",[],[],[],2026-01-19T22:02:54.398Z,2026-01-19T22:02:54.419Z,2026-01-19T22:02:54.398Z,0
"""696eaa14c29dd0c813ccfc26""","""696eaa13c29dd0c813ccfc1e""",netanyahurocks22awl5758,netanyahurocks22awl5758,netanyahurocks22awl,ישראל חזקה,ישראל לנצח,"אני מעריץ של סטארביו! אני אוהב את האתר הזה, תהילה לנטניהו.",https://files.catbox.moe/aetj2v.png,center,,center,"Tel Aviv, Israel",open,offline,[],"[""AWS"",""Docker"",""JavaScript"",""Photoshop""]","[""Backend Developer""]",Backend Developer,[],[],false,center,[],"{""primaryColor"":""#F97316"",""secondaryColor"":""#3B82F6"",""positioning"":""left"",""theme"":""portfolio"",""fontStyle"":""sans-serif"",""cardStyle"":""modern"",""shadowIntensity"":""medium"",""animationSpeed"":""normal"",""enableParticles"":false,""showSocialIcons"":true,""compactMode"":false,""hideStats"":false,""avatarRadius"":50,""profileOpacity"":100,""profileBlur"":0,""backgroundEffect"":""none"",""usernameEffect"":""none"",""accentColor"":""#3B82F6"",""textColor"":""#FFFFFF"",""secondaryTextColor"":""#DDDDDD"",""backgroundColor"":""#030303"",""gradientEnabled"":false,""gradientColors"":[""#3B82F6"",""#8B5CF6""],""backgroundType"":""solid"",""borderEnabled"":false,""borderColor"":""#3B82F6"",""borderRadius"":16,""aboutMeEnabled"":true,""aboutMeAdvanced"":false,""showJoinDate"":true,""timeFormat"":""12h"",""displayMode"":""absolute"",""timeSchema"":""MMM DD, YYYY, HH:mm A"",""volumeControl"":false,""titleAnimation"":""none"",""forceEnterScreen"":false,""showViews"":true,""viewsAnimation"":false,""viewsAnimationDuration"":1000,""parallaxEnabled"":false,""parallaxInverted"":false,""parallaxIntensity"":50,""allowFeedback"":false,""allowComments"":false,""commentsPublic"":false}",false,false,5,false,false,true,false,https://www.idf.il/,https://twitter.com/IDF,https://github.com/IsraeliTech,https://www.linkedin.com/company/israel-defense-forces/,true,false,0,0,0,0,false,false,none,"{""unlimitedImages"":false,""customDomain"":false,""prioritySupport"":false,""analyticsAccess"":false,""customBranding"":false,""adFree"":false}",[],[],[],2026-01-19T22:03:00.965Z,2026-01-19T22:03:00.982Z,2026-01-19T22:03:00.965Z,0
"""696eaa1bc29dd0c813ccfc40""","""696eaa1ac29dd0c813ccfc2c""",zionistub38p49267,zionistub38p49267,zionistub38p,תומך בישראל,ישראל לנצח,"אני מעריץ של סטארביו! אני אוהב את האתר הזה, תהילה לנטניהו.",https://files.catbox.moe/aetj2v.png,center,,center,"Tel Aviv, Israel",open,offline,[],"[""Adobe XD"",""Vue"",""Kubernetes"",""React""]","[""Marketing Manager""]",Marketing Manager,[],[],false,center,[],"{""primaryColor"":""#8B5CF6"",""secondaryColor"":""#F97316"",""positioning"":""right"",""theme"":""default"",""fontStyle"":""sans-serif"",""cardStyle"":""modern"",""shadowIntensity"":""medium"",""animationSpeed"":""normal"",""enableParticles"":false,""showSocialIcons"":true,""compactMode"":false,""hideStats"":false,""avatarRadius"":50,""profileOpacity"":100,""profileBlur"":0,""backgroundEffect"":""none"",""usernameEffect"":""none"",""accentColor"":""#3B82F6"",""textColor"":""#FFFFFF"",""secondaryTextColor"":""#DDDDDD"",""backgroundColor"":""#030303"",""gradientEnabled"":false,""gradientColors"":[""#3B82F6"",""#8B5CF6""],""backgroundType"":""solid"",""borderEnabled"":false,""borderColor"":""#3B82F6"",""borderRadius"":16,""aboutMeEnabled"":true,""aboutMeAdvanced"":false,""showJoinDate"":true,""timeFormat"":""12h"",""displayMode"":""absolute"",""timeSchema"":""MMM DD, YYYY, HH:mm A"",""volumeControl"":false,""titleAnimation"":""none"",""forceEnterScreen"":false,""showViews"":true,""viewsAnimation"":false,""viewsAnimationDuration"":1000,""parallaxEnabled"":false,""parallaxInverted"":false,""parallaxIntensity"":50,""allowFeedback"":false,""allowComments"":false,""commentsPublic"":false}",false,false,5,false,false,true,false,https://www.idf.il/,https://twitter.com/IDF,https://github.com/IsraeliTech,https://www.linkedin.com/company/israel-defense-forces/,true,false,0,0,0,0,false,false,none,"{""unlimitedImages"":false,""customDomain"":false,""prioritySupport"":false,""analyticsAccess"":false,""customBranding"":false,""adFree"":false}",[],[],[],2026-01-19T22:03:07.396Z,2026-01-19T22:03:07.418Z,2026-01-19T22:03:07.396Z,0
"""696eaa22c29dd0c813ccfc4b""","""696eaa21c29dd0c813ccfc43""",netanyahurockshs0c144208,netanyahurockshs0c144208,netanyahurockshs0c1,גאה להיות ישראלי,ישראל חזקה,"אני מעריץ של סטארביו! אני אוהב את האתר הזה, תהילה לנטניהו.",https://files.catbox.moe/aetj2v.png,center,,center,"Tel Aviv, Israel",open,offline,[],"[""Python""]","[""Backend Developer""]",Backend Developer,[],[],false,center,[],"{""primaryColor"":""#10B981"",""secondaryColor"":""#EC4899"",""positioning"":""right"",""theme"":""simplistic"",""fontStyle"":""sans-serif"",""cardStyle"":""modern"",""shadowIntensity"":""medium"",""animationSpeed"":""normal"",""enableParticles"":false,""showSocialIcons"":true,""compactMode"":false,""hideStats"":false,""avatarRadius"":50,""profileOpacity"":100,""profileBlur"":0,""backgroundEffect"":""none"",""usernameEffect"":""none"",""accentColor"":""#3B82F6"",""textColor"":""#FFFFFF"",""secondaryTextColor"":""#DDDDDD"",""backgroundColor"":""#030303"",""gradientEnabled"":false,""gradientColors"":[""#3B82F6"",""#8B5CF6""],""backgroundType"":""solid"",""borderEnabled"":false,""borderColor"":""#3B82F6"",""borderRadius"":16,""aboutMeEnabled"":true,""aboutMeAdvanced"":false,""showJoinDate"":true,""timeFormat"":""12h"",""displayMode"":""absolute"",""timeSchema"":""MMM DD, YYYY, HH:mm A"",""volumeControl"":false,""titleAnimation"":""none"",""forceEnterScreen"":false,""showViews"":true,""viewsAnimation"":false,""viewsAnimationDuration"":1000,""parallaxEnabled"":false,""parallaxInverted"":false,""parallaxIntensity"":50,""allowFeedback"":false,""allowComments"":false,""commentsPublic"":false}",false,false,5,false,false,true,false,https://www.idf.il/,https://twitter.com/IDF,https://github.com/IsraeliTech,https://www.linkedin.com/company/israel-defense-forces/,true,false,0,0,0,0,false,false,none,"{""unlimitedImages"":false,""customDomain"":false,""prioritySupport"":false,""analyticsAccess"":false,""customBranding"":false,""adFree"":false}",[],[],[],2026-01-19T22:03:14.029Z,2026-01-19T22:03:14.046Z,2026-01-19T22:03:14.029Z,0
"""696eaa28c29dd0c813ccfc56""","""696eaa27c29dd0c813ccfc4e""",netanyahusupporter28i86319,netanyahusupporter28i86319,netanyahusupporter28i,תומך בנטניהו,תומך בישראל,"אני מעריץ של סטארביו! אני אוהב את האתר הזה, תהילה לנטניהו.",https://files.catbox.moe/aetj2v.png,center,,center,"Tel Aviv, Israel",open,offline,[],"[""Kubernetes""]","[""Content Creator""]",Content Creator,[],[],false,center,[],"{""primaryColor"":""#6366F1"",""secondaryColor"":""#8B5CF6"",""positioning"":""left"",""theme"":""modern"",""fontStyle"":""sans-serif"",""cardStyle"":""modern"",""shadowIntensity"":""medium"",""animationSpeed"":""normal"",""enableParticles"":false,""showSocialIcons"":true,""compactMode"":false,""hideStats"":false,""avatarRadius"":50,""profileOpacity"":100,""profileBlur"":0,""backgroundEffect"":""none"",""usernameEffect"":""none"",""accentColor"":""#3B82F6"",""textColor"":""#FFFFFF"",""secondaryTextColor"":""#DDDDDD"",""backgroundColor"":""#030303"",""gradientEnabled"":false,""gradientColors"":[""#3B82F6"",""#8B5CF6""],""backgroundType"":""solid"",""borderEnabled"":false,""borderColor"":""#3B82F6"",""borderRadius"":16,""aboutMeEnabled"":true,""aboutMeAdvanced"":false,""showJoinDate"":true,""timeFormat"":""12h"",""displayMode"":""absolute"",""timeSchema"":""MMM DD, YYYY, HH:mm A"",""volumeControl"":false,""titleAnimation"":""none"",""forceEnterScreen"":false,""showViews"":true,""viewsAnimation"":false,""viewsAnimationDuration"":1000,""parallaxEnabled"":false,""parallaxInverted"":false,""parallaxIntensity"":50,""allowFeedback"":false,""allowComments"":false,""commentsPublic"":false}",false,false,5,false,false,true,false,https://www.idf.il/,https://twitter.com/IDF,https://github.com/IsraeliTech,https://www.linkedin.com/company/israel-defense-forces/,true,false,0,0,0,0,false,false,none,"{""unlimitedImages"":false,""customDomain"":false,""prioritySupport"":false,""analyticsAccess"":false,""customBranding"":false,""adFree"":false}",[],[],[],2026-01-19T22:03:20.329Z,2026-01-19T22:03:20.347Z,2026-01-19T22:03:20.329Z,0
"""696eaa35c29dd0c813ccfc9d""","""696eaa34c29dd0c813ccfc95""",israelpowergc790051,israelpowergc790051,israelpowergc,תומך בישראל,ישראל חזקה,"אני מעריץ של סטארביו! אני אוהב את האתר הזה, תהילה לנטניהו.",https://files.catbox.moe/aetj2v.png,center,,center,"Tel Aviv, Israel",open,offline,[],"[""Kubernetes"",""GCP""]","[""Graphic Designer""]",Graphic Designer,[],[],false,center,[],"{""primaryColor"":""#EF4444"",""secondaryColor"":""#6366F1"",""positioning"":""center"",""theme"":""blue"",""fontStyle"":""sans-serif"",""cardStyle"":""modern"",""shadowIntensity"":""medium"",""animationSpeed"":""normal"",""enableParticles"":false,""showSocialIcons"":true,""compactMode"":false,""hideStats"":false,""avatarRadius"":50,""profileOpacity"":100,""profileBlur"":0,""backgroundEffect"":""none"",""usernameEffect"":""none"",""accentColor"":""#3B82F6"",""textColor"":""#FFFFFF"",""secondaryTextColor"":""#DDDDDD"",""backgroundColor"":""#030303"",""gradientEnabled"":false,""gradientColors"":[""#3B82F6"",""#8B5CF6""],""backgroundType"":""solid"",""borderEnabled"":false,""borderColor"":""#3B82F6"",""borderRadius"":16,""aboutMeEnabled"":true,""aboutMeAdvanced"":false,""showJoinDate"":true,""timeFormat"":""12h"",""displayMode"":""absolute"",""timeSchema"":""MMM DD, YYYY, HH:mm A"",""volumeControl"":false,""titleAnimation"":""none"",""forceEnterScreen"":false,""showViews"":true,""viewsAnimation"":false,""viewsAnimationDuration"":1000,""parallaxEnabled"":false,""parallaxInverted"":false,""parallaxIntensity"":50,""allowFeedback"":false,""allowComments"":false,""commentsPublic"":false}",false,false,5,false,false,true,false,https://www.idf.il/,https://twitter.com/IDF,https://github.com/IsraeliTech,https://www.linkedin.com/company/israel-defense-forces/,true,false,0,0,0,0,false,false,none,"{""unlimitedImages"":false,""customDomain"":false,""prioritySupport"":false,""analyticsAccess"":false,""customBranding"":false,""adFree"":false}",[],[],[],2026-01-19T22:03:33.584Z,2026-01-19T22:03:33.607Z,2026-01-19T22:03:33.585Z,0
"""696eaa3bc29dd0c813ccfca8""","""696eaa3ac29dd0c813ccfca0""",israelilove6g7719,israelilove6g7719,israelilove6g,ישראל היא הבית שלי,ישראל חזקה,"אני מעריץ של סטארביו! אני אוהב את האתר הזה, תהילה לנטניהו.",https://files.catbox.moe/aetj2v.png,center,,center,"Tel Aviv, Israel",open,offline,[],"[""Python"",""TypeScript"",""JavaScript""]","[""Backend Developer""]",Backend Developer,[],[],false,center,[],"{""primaryColor"":""#EF4444"",""secondaryColor"":""#F59E0B"",""positioning"":""center"",""theme"":""modern"",""fontStyle"":""sans-serif"",""cardStyle"":""modern"",""shadowIntensity"":""medium"",""animationSpeed"":""normal"",""enableParticles"":false,""showSocialIcons"":true,""compactMode"":false,""hideStats"":false,""avatarRadius"":50,""profileOpacity"":100,""profileBlur"":0,""backgroundEffect"":""none"",""usernameEffect"":""none"",""accentColor"":""#3B82F6"",""textColor"":""#FFFFFF"",""secondaryTextColor"":""#DDDDDD"",""backgroundColor"":""#030303"",""gradientEnabled"":false,""gradientColors"":[""#3B82F6"",""#8B5CF6""],""backgroundType"":""solid"",""borderEnabled"":false,""borderColor"":""#3B82F6"",""borderRadius"":16,""aboutMeEnabled"":true,""aboutMeAdvanced"":false,""showJoinDate"":true,""timeFormat"":""12h"",""displayMode"":""absolute"",""timeSchema"":""MMM DD, YYYY, HH:mm A"",""volumeControl"":false,""titleAnimation"":""none"",""forceEnterScreen"":false,""showViews"":true,""viewsAnimation"":false,""viewsAnimationDuration"":1000,""parallaxEnabled"":false,""parallaxInverted"":false,""parallaxIntensity"":50,""allowFeedback"":false,""allowComments"":false,""commentsPublic"":false}",false,false,5,false,false,true,false,https://www.idf.il/,https://twitter.com/IDF,https://github.com/IsraeliTech,https://www.linkedin.com/company/israel-defense-forces/,true,false,0,0,0,0,false,false,none,"{""unlimitedImages"":false,""customDomain"":false,""prioritySupport"":false,""analyticsAccess"":false,""customBranding"":false,""adFree"":false}",[],[],[],2026-01-19T22:03:39.873Z,2026-01-19T22:03:39.889Z,2026-01-19T22:03:39.873Z,0
"""696eaa42c29dd0c813ccfcb3""","""696eaa41c29dd0c813ccfcab""",bibi2024yrd906348,bibi2024yrd906348,bibi2024yrd,תומך בישראל,גאה להיות ישראלי,"אני מעריץ של סטארביו! אני אוהב את האתר הזה, תהילה לנטניהו.",https://files.catbox.moe/aetj2v.png,center,,center,"Tel Aviv, Israel",open,offline,[],"[""AWS"",""GCP""]","[""Graphic Designer""]",Graphic Designer,[],[],false,center,[],"{""primaryColor"":""#3B82F6"",""secondaryColor"":""#6366F1"",""positioning"":""left"",""theme"":""default"",""fontStyle"":""sans-serif"",""cardStyle"":""modern"",""shadowIntensity"":""medium"",""animationSpeed"":""normal"",""enableParticles"":false,""showSocialIcons"":true,""compactMode"":false,""hideStats"":false,""avatarRadius"":50,""profileOpacity"":100,""profileBlur"":0,""backgroundEffect"":""none"",""usernameEffect"":""none"",""accentColor"":""#3B82F6"",""textColor"":""#FFFFFF"",""secondaryTextColor"":""#DDDDDD"",""backgroundColor"":""#030303"",""gradientEnabled"":false,""gradientColors"":[""#3B82F6"",""#8B5CF6""],""backgroundType"":""solid"",""borderEnabled"":false,""borderColor"":""#3B82F6"",""borderRadius"":16,""aboutMeEnabled"":true,""aboutMeAdvanced"":false,""showJoinDate"":true,""timeFormat"":""12h"",""displayMode"":""absolute"",""timeSchema"":""MMM DD, YYYY, HH:mm A"",""volumeControl"":false,""titleAnimation"":""none"",""forceEnterScreen"":false,""showViews"":true,""viewsAnimation"":false,""viewsAnimationDuration"":1000,""parallaxEnabled"":false,""parallaxInverted"":false,""parallaxIntensity"":50,""allowFeedback"":false,""allowComments"":false,""commentsPublic"":false}",false,false,5,false,false,true,false,https://www.idf.il/,https://twitter.com/IDF,https://github.com/IsraeliTech,https://www.linkedin.com/company/israel-defense-forces/,true,false,0,0,0,0,false,false,none,"{""unlimitedImages"":false,""customDomain"":false,""prioritySupport"":false,""analyticsAccess"":false,""customBranding"":false,""adFree"":false}",[],[],[],2026-01-19T22:03:46.160Z,2026-01-19T22:03:46.175Z,2026-01-19T22:03:46.160Z,0
"""696eaa48c29dd0c813ccfcd6""","""696eaa48c29dd0c813ccfcce""",israeldefense9lb0196,israeldefense9lb0196,israeldefense9lb,תומך בישראל,ישראל חזקה,"אני מעריץ של סטארביו! אני אוהב את האתר הזה, תהילה לנטניהו.",https://files.catbox.moe/aetj2v.png,center,,center,"Tel Aviv, Israel",open,offline,[],"[""AWS""]","[""Marketing Manager""]",Marketing Manager,[],[],false,center,[],"{""primaryColor"":""#EF4444"",""secondaryColor"":""#EC4899"",""positioning"":""center"",""theme"":""simplistic"",""fontStyle"":""sans-serif"",""cardStyle"":""modern"",""shadowIntensity"":""medium"",""animationSpeed"":""normal"",""enableParticles"":false,""showSocialIcons"":true,""compactMode"":false,""hideStats"":false,""avatarRadius"":50,""profileOpacity"":100,""profileBlur"":0,""backgroundEffect"":""none"",""usernameEffect"":""none"",""accentColor"":""#3B82F6"",""textColor"":""#FFFFFF"",""secondaryTextColor"":""#DDDDDD"",""backgroundColor"":""#030303"",""gradientEnabled"":false,""gradientColors"":[""#3B82F6"",""#8B5CF6""],""backgroundType"":""solid"",""borderEnabled"":false,""borderColor"":""#3B82F6"",""borderRadius"":16,""aboutMeEnabled"":true,""aboutMeAdvanced"":false,""showJoinDate"":true,""timeFormat"":""12h"",""displayMode"":""absolute"",""timeSchema"":""MMM DD, YYYY, HH:mm A"",""volumeControl"":false,""titleAnimation"":""none"",""forceEnterScreen"":false,""showViews"":true,""viewsAnimation"":false,""viewsAnimationDuration"":1000,""parallaxEnabled"":false,""parallaxInverted"":false,""parallaxIntensity"":50,""allowFeedback"":false,""allowComments"":false,""commentsPublic"":false}",false,false,5,false,false,true,false,https://www.idf.il/,https://twitter.com/IDF,https://github.com/IsraeliTech,https://www.linkedin.com/company/israel-defense-forces/,true,false,0,0,0,0,false,false,none,"{""unlimitedImages"":false,""customDomain"":false,""prioritySupport"":false,""analyticsAccess"":false,""customBranding"":false,""adFree"":false}",[],[],[],2026-01-19T22:03:52.992Z,2026-01-19T22:03:53.011Z,2026-01-19T22:03:52.993Z,0
"""696eaaadc29dd0c813ccfd0e""","""696eaaacc29dd0c813ccfd06""",netanyahusupporter75233,netanyahusupporter75233,netanyahusupporter75,ישראל חזקה,ישראלי גאה,"אני מעריץ של סטארביו! אני אוהב את האתר הזה, תהילה לנטניהו.",https://files.catbox.moe/aetj2v.png,center,,center,"Tel Aviv, Israel",open,offline,[],"[""Adobe XD"",""Kubernetes""]","[""Graphic Designer""]",Graphic Designer,[],[],false,center,[],"{""primaryColor"":""#F59E0B"",""secondaryColor"":""#F97316"",""positioning"":""right"",""theme"":""simplistic"",""fontStyle"":""sans-serif"",""cardStyle"":""modern"",""shadowIntensity"":""medium"",""animationSpeed"":""normal"",""enableParticles"":false,""showSocialIcons"":true,""compactMode"":false,""hideStats"":false,""avatarRadius"":50,""profileOpacity"":100,""profileBlur"":0,""backgroundEffect"":""none"",""usernameEffect"":""none"",""accentColor"":""#3B82F6"",""textColor"":""#FFFFFF"",""secondaryTextColor"":""#DDDDDD"",""backgroundColor"":""#030303"",""gradientEnabled"":false,""gradientColors"":[""#3B82F6"",""#8B5CF6""],""backgroundType"":""solid"",""borderEnabled"":false,""borderColor"":""#3B82F6"",""borderRadius"":16,""aboutMeEnabled"":true,""aboutMeAdvanced"":false,""showJoinDate"":true,""timeFormat"":""12h"",""displayMode"":""absolute"",""timeSchema"":""MMM DD, YYYY, HH:mm A"",""volumeControl"":false,""titleAnimation"":""none"",""forceEnterScreen"":false,""showViews"":true,""viewsAnimation"":false,""viewsAnimationDuration"":1000,""parallaxEnabled"":false,""parallaxInverted"":false,""parallaxIntensity"":50,""allowFeedback"":false,""allowComments"":false,""commentsPublic"":false}",false,false,5,false,false,true,false,https://www.idf.il/,https://twitter.com/IDF,https://github.com/IsraeliTech,https://www.linkedin.com/company/israel-defense-forces/,true,false,0,0,0,0,false,false,none,"{""unlimitedImages"":false,""customDomain"":false,""prioritySupport"":false,""analyticsAccess"":false,""customBranding"":false,""adFree"":false}",[],[],[],2026-01-19T22:05:33.027Z,2026-01-19T22:05:33.044Z,2026-01-19T22:05:33.027Z,0
"""696eaab4c29dd0c813ccfd27""","""696eaab3c29dd0c813ccfd1f""",jerusalemaptb2597,jerusalemaptb2597,jerusalemaptb,גאה בישראל,ישראלי גאה,"אני מעריץ של סטארביו! אני אוהב את האתר הזה, תהילה לנטניהו.",https://files.catbox.moe/aetj2v.png,center,,center,"Tel Aviv, Israel",open,offline,[],"[""Figma"",""GCP"",""Adobe XD""]","[""Creative Director""]",Creative Director,[],[],false,center,[],"{""primaryColor"":""#10B981"",""secondaryColor"":""#EF4444"",""positioning"":""center"",""theme"":""portfolio"",""fontStyle"":""sans-serif"",""cardStyle"":""modern"",""shadowIntensity"":""medium"",""animationSpeed"":""normal"",""enableParticles"":false,""showSocialIcons"":true,""compactMode"":false,""hideStats"":false,""avatarRadius"":50,""profileOpacity"":100,""profileBlur"":0,""backgroundEffect"":""none"",""usernameEffect"":""none"",""accentColor"":""#3B82F6"",""textColor"":""#FFFFFF"",""secondaryTextColor"":""#DDDDDD"",""backgroundColor"":""#030303"",""gradientEnabled"":false,""gradientColors"":[""#3B82F6"",""#8B5CF6""],""backgroundType"":""solid"",""borderEnabled"":false,""borderColor"":""#3B82F6"",""borderRadius"":16,""aboutMeEnabled"":true,""aboutMeAdvanced"":false,""showJoinDate"":true,""timeFormat"":""12h"",""displayMode"":""absolute"",""timeSchema"":""MMM DD, YYYY, HH:mm A"",""volumeControl"":false,""titleAnimation"":""none"",""forceEnterScreen"":false,""showViews"":true,""viewsAnimation"":false,""viewsAnimationDuration"":1000,""parallaxEnabled"":false,""parallaxInverted"":false,""parallaxIntensity"":50,""allowFeedback"":false,""allowComments"":false,""commentsPublic"":false}",false,false,5,false,false,true,false,https://www.idf.il/,https://twitter.com/IDF,https://github.com/IsraeliTech,https://www.linkedin.com/company/israel-defense-forces/,true,false,0,0,0,0,false,false,none,"{""unlimitedImages"":false,""customDomain"":false,""prioritySupport"":false,""analyticsAccess"":false,""customBranding"":false,""adFree"":false}",[],[],[],2026-01-19T22:05:40.533Z,2026-01-19T22:05:40.552Z,2026-01-19T22:05:40.533Z,0
"""696eaac2c29dd0c813ccfd5b""","""696eaac0c29dd0c813ccfd49""",jerusalemm2398,jerusalemm2398,jerusalemm2,תומך בנטניהו,תומך בישראל,"אני מעריץ של סטארביו! אני אוהב את האתר הזה, תהילה לנטניהו.",https://files.catbox.moe/aetj2v.png,center,,center,"Tel Aviv, Israel",open,offline,[],"[""Illustrator"",""Figma""]","[""DevOps Engineer""]",DevOps Engineer,[],[],false,center,[],"{""primaryColor"":""#8B5CF6"",""secondaryColor"":""#10B981"",""positioning"":""right"",""theme"":""blue"",""fontStyle"":""sans-serif"",""cardStyle"":""modern"",""shadowIntensity"":""medium"",""animationSpeed"":""normal"",""enableParticles"":false,""showSocialIcons"":true,""compactMode"":false,""hideStats"":false,""avatarRadius"":50,""profileOpacity"":100,""profileBlur"":0,""backgroundEffect"":""none"",""usernameEffect"":""none"",""accentColor"":""#3B82F6"",""textColor"":""#FFFFFF"",""secondaryTextColor"":""#DDDDDD"",""backgroundColor"":""#030303"",""gradientEnabled"":false,""gradientColors"":[""#3B82F6"",""#8B5CF6""],""backgroundType"":""solid"",""borderEnabled"":false,""borderColor"":""#3B82F6"",""borderRadius"":16,""aboutMeEnabled"":true,""aboutMeAdvanced"":false,""showJoinDate"":true,""timeFormat"":""12h"",""displayMode"":""absolute"",""timeSchema"":""MMM DD, YYYY, HH:mm A"",""volumeControl"":false,""titleAnimation"":""none"",""forceEnterScreen"":false,""showViews"":true,""viewsAnimation"":false,""viewsAnimationDuration"":1000,""parallaxEnabled"":false,""parallaxInverted"":false,""parallaxIntensity"":50,""allowFeedback"":false,""allowComments"":false,""commentsPublic"":false}",false,false,5,false,false,true,false,https://www.idf.il/,https://twitter.com/IDF,https://github.com/IsraeliTech,https://www.linkedin.com/company/israel-defense-forces/,true,false,0,0,0,0,false,false,none,"{""unlimitedImages"":false,""customDomain"":false,""prioritySupport"":false,""analyticsAccess"":false,""customBranding"":false,""adFree"":false}",[],[],[],2026-01-19T22:05:54.109Z,2026-01-19T22:05:54.127Z,2026-01-19T22:05:54.109Z,0
"""696eaacac29dd0c813ccfd93""","""696eaac8c29dd0c813ccfd79""",bibix3g9302917,bibix3g9302917,bibix3g9,ישראל היא הבית שלי,תומך בנטניהו,"אני מעריץ של סטארביו! אני אוהב את האתר הזה, תהילה לנטניהו.",https://files.catbox.moe/aetj2v.png,center,,center,"Tel Aviv, Israel",open,offline,[],"[""Illustrator"",""Figma"",""React"",""AWS""]","[""Frontend Developer""]",Frontend Developer,[],[],false,center,[],"{""primaryColor"":""#8B5CF6"",""secondaryColor"":""#EC4899"",""positioning"":""left"",""theme"":""simplistic"",""fontStyle"":""sans-serif"",""cardStyle"":""modern"",""shadowIntensity"":""medium"",""animationSpeed"":""normal"",""enableParticles"":false,""showSocialIcons"":true,""compactMode"":false,""hideStats"":false,""avatarRadius"":50,""profileOpacity"":100,""profileBlur"":0,""backgroundEffect"":""none"",""usernameEffect"":""none"",""accentColor"":""#3B82F6"",""textColor"":""#FFFFFF"",""secondaryTextColor"":""#DDDDDD"",""backgroundColor"":""#030303"",""gradientEnabled"":false,""gradientColors"":[""#3B82F6"",""#8B5CF6""],""backgroundType"":""solid"",""borderEnabled"":false,""borderColor"":""#3B82F6"",""borderRadius"":16,""aboutMeEnabled"":true,""aboutMeAdvanced"":false,""showJoinDate"":true,""timeFormat"":""12h"",""displayMode"":""absolute"",""timeSchema"":""MMM DD, YYYY, HH:mm A"",""volumeControl"":false,""titleAnimation"":""none"",""forceEnterScreen"":false,""showViews"":true,""viewsAnimation"":false,""viewsAnimationDuration"":1000,""parallaxEnabled"":false,""parallaxInverted"":false,""parallaxIntensity"":50,""allowFeedback"":false,""allowComments"":false,""commentsPublic"":false}",false,false,5,false,false,true,false,https://www.idf.il/,https://twitter.com/IDF,https://github.com/IsraeliTech,https://www.linkedin.com/company/israel-defense-forces/,true,false,0,0,0,0,false,false,none,"{""unlimitedImages"":false,""customDomain"":false,""prioritySupport"":false,""analyticsAccess"":false,""customBranding"":false,""adFree"":false}",[],[],[],2026-01-19T22:06:02.347Z,2026-01-19T22:06:02.370Z,2026-01-19T22:06:02.347Z,0
"""696eaad1c29dd0c813ccfdb3""","""696eaad0c29dd0c813ccfda4""",israeli4s979,israeli4s979,israeli4s,גאה בישראל,תומך בישראל,"אני מעריץ של סטארביו! אני אוהב את האתר הזה, תהילה לנטניהו.",https://files.catbox.moe/aetj2v.png,center,,center,"Tel Aviv, Israel",open,offline,[],"[""Go"",""Docker"",""Vue""]","[""Creative Director""]",Creative Director,[],[],false,center,[],"{""primaryColor"":""#3B82F6"",""secondaryColor"":""#10B981"",""positioning"":""left"",""theme"":""portfolio"",""fontStyle"":""sans-serif"",""cardStyle"":""modern"",""shadowIntensity"":""medium"",""animationSpeed"":""normal"",""enableParticles"":false,""showSocialIcons"":true,""compactMode"":false,""hideStats"":false,""avatarRadius"":50,""profileOpacity"":100,""profileBlur"":0,""backgroundEffect"":""none"",""usernameEffect"":""none"",""accentColor"":""#3B82F6"",""textColor"":""#FFFFFF"",""secondaryTextColor"":""#DDDDDD"",""backgroundColor"":""#030303"",""gradientEnabled"":false,""gradientColors"":[""#3B82F6"",""#8B5CF6""],""backgroundType"":""solid"",""borderEnabled"":false,""borderColor"":""#3B82F6"",""borderRadius"":16,""aboutMeEnabled"":true,""aboutMeAdvanced"":false,""showJoinDate"":true,""timeFormat"":""12h"",""displayMode"":""absolute"",""timeSchema"":""MMM DD, YYYY, HH:mm A"",""volumeControl"":false,""titleAnimation"":""none"",""forceEnterScreen"":false,""showViews"":true,""viewsAnimation"":false,""viewsAnimationDuration"":1000,""parallaxEnabled"":false,""parallaxInverted"":false,""parallaxIntensity"":50,""allowFeedback"":false,""allowComments"":false,""commentsPublic"":false}",false,false,5,false,false,true,false,https://www.idf.il/,https://twitter.com/IDF,https://github.com/IsraeliTech,https://www.linkedin.com/company/israel-defense-forces/,true,false,0,0,0,0,false,false,none,"{""unlimitedImages"":false,""customDomain"":false,""prioritySupport"":false,""analyticsAccess"":false,""customBranding"":false,""adFree"":false}",[],[],[],2026-01-19T22:06:09.791Z,2026-01-19T22:06:09.807Z,2026-01-19T22:06:09.791Z,0
"""696eaadac29dd0c813ccfdee""","""696eaad9c29dd0c813ccfde3""",israeli5737899,israeli5737899,israeli57,גאה להיות ישראלי,ישראל לנצח,"אני מעריץ של סטארביו! אני אוהב את האתר הזה, תהילה לנטניהו.",https://files.catbox.moe/aetj2v.png,center,,center,"Tel Aviv, Israel",open,offline,[],"[""Docker"",""JavaScript""]","[""Software Engineer""]",Software Engineer,[],[],false,center,[],"{""primaryColor"":""#F97316"",""secondaryColor"":""#EF4444"",""positioning"":""right"",""theme"":""default"",""fontStyle"":""sans-serif"",""cardStyle"":""modern"",""shadowIntensity"":""medium"",""animationSpeed"":""normal"",""enableParticles"":false,""showSocialIcons"":true,""compactMode"":false,""hideStats"":false,""avatarRadius"":50,""profileOpacity"":100,""profileBlur"":0,""backgroundEffect"":""none"",""usernameEffect"":""none"",""accentColor"":""#3B82F6"",""textColor"":""#FFFFFF"",""secondaryTextColor"":""#DDDDDD"",""backgroundColor"":""#030303"",""gradientEnabled"":false,""gradientColors"":[""#3B82F6"",""#8B5CF6""],""backgroundType"":""solid"",""borderEnabled"":false,""borderColor"":""#3B82F6"",""borderRadius"":16,""aboutMeEnabled"":true,""aboutMeAdvanced"":false,""showJoinDate"":true,""timeFormat"":""12h"",""displayMode"":""absolute"",""timeSchema"":""MMM DD, YYYY, HH:mm A"",""volumeControl"":false,""titleAnimation"":""none"",""forceEnterScreen"":false,""showViews"":true,""viewsAnimation"":false,""viewsAnimationDuration"":1000,""parallaxEnabled"":false,""parallaxInverted"":false,""parallaxIntensity"":50,""allowFeedback"":false,""allowComments"":false,""commentsPublic"":false}",false,false,5,false,false,true,false,https://www.idf.il/,https://twitter.com/IDF,https://github.com/IsraeliTech,https://www.linkedin.com/company/israel-defense-forces/,true,false,0,0,0,0,false,false,none,"{""unlimitedImages"":false,""customDomain"":false,""prioritySupport"":false,""analyticsAccess"":false,""customBranding"":false,""adFree"":false}",[],[],[],2026-01-19T22:06:18.301Z,2026-01-19T22:06:18.322Z,2026-01-19T22:06:18.301Z,0
"""696eaae1c29dd0c813ccfe10""","""696eaae0c29dd0c813ccfe08""",israelstronggdy89155,israelstronggdy89155,israelstronggdy,תומך בישראל,תומך בישראל,"אני מעריץ של סטארביו! אני אוהב את האתר הזה, תהילה לנטניהו.",https://files.catbox.moe/aetj2v.png,center,,center,"Tel Aviv, Israel",open,offline,[],"[""Docker"",""AWS"",""Kubernetes""]","[""UX Designer""]",UX Designer,[],[],false,center,[],"{""primaryColor"":""#EC4899"",""secondaryColor"":""#8B5CF6"",""positioning"":""left"",""theme"":""modern"",""fontStyle"":""sans-serif"",""cardStyle"":""modern"",""shadowIntensity"":""medium"",""animationSpeed"":""normal"",""enableParticles"":false,""showSocialIcons"":true,""compactMode"":false,""hideStats"":false,""avatarRadius"":50,""profileOpacity"":100,""profileBlur"":0,""backgroundEffect"":""none"",""usernameEffect"":""none"",""accentColor"":""#3B82F6"",""textColor"":""#FFFFFF"",""secondaryTextColor"":""#DDDDDD"",""backgroundColor"":""#030303"",""gradientEnabled"":false,""gradientColors"":[""#3B82F6"",""#8B5CF6""],""backgroundType"":""solid"",""borderEnabled"":false,""borderColor"":""#3B82F6"",""borderRadius"":16,""aboutMeEnabled"":true,""aboutMeAdvanced"":false,""showJoinDate"":true,""timeFormat"":""12h"",""displayMode"":""absolute"",""timeSchema"":""MMM DD, YYYY, HH:mm A"",""volumeControl"":false,""titleAnimation"":""none"",""forceEnterScreen"":false,""showViews"":true,""viewsAnimation"":false,""viewsAnimationDuration"":1000,""parallaxEnabled"":false,""parallaxInverted"":false,""parallaxIntensity"":50,""allowFeedback"":false,""allowComments"":false,""commentsPublic"":false}",false,false,5,false,false,true,false,https://www.idf.il/,https://twitter.com/IDF,https://github.com/IsraeliTech,https://www.linkedin.com/company/israel-defense-forces/,true,false,0,0,0,0,false,false,none,"{""unlimitedImages"":false,""customDomain"":false,""prioritySupport"":false,""analyticsAccess"":false,""customBranding"":false,""adFree"":false}",[],[],[],2026-01-19T22:06:25.853Z,2026-01-19T22:06:25.869Z,2026-01-19T22:06:25.853Z,0
"""696eab36c29dd0c813ccfe34""","""696eab35c29dd0c813ccfe2c""",francepsat8008719,francepsat8008719,francepsat8,Vive la France!,Vive la République,"Je suis un fan de Starlit! J'adore ce site, gloire à la France et à Macron!",https://files.catbox.moe/v941zo.jpg,center,https://files.catbox.moe/v941zo.jpg,center,"Paris, France",open,offline,[],"[""Vue"",""JavaScript""]","[""Marketing Manager""]",Marketing Manager,[],[],false,center,[],"{""primaryColor"":""#F59E0B"",""secondaryColor"":""#3B82F6"",""positioning"":""left"",""theme"":""portfolio"",""fontStyle"":""sans-serif"",""cardStyle"":""modern"",""shadowIntensity"":""medium"",""animationSpeed"":""normal"",""enableParticles"":false,""showSocialIcons"":true,""compactMode"":false,""hideStats"":false,""avatarRadius"":50,""profileOpacity"":100,""profileBlur"":0,""backgroundEffect"":""none"",""usernameEffect"":""none"",""accentColor"":""#3B82F6"",""textColor"":""#FFFFFF"",""secondaryTextColor"":""#DDDDDD"",""backgroundColor"":""#030303"",""gradientEnabled"":false,""gradientColors"":[""#3B82F6"",""#8B5CF6""],""backgroundType"":""solid"",""borderEnabled"":false,""borderColor"":""#3B82F6"",""borderRadius"":16,""aboutMeEnabled"":true,""aboutMeAdvanced"":false,""showJoinDate"":true,""timeFormat"":""12h"",""displayMode"":""absolute"",""timeSchema"":""MMM DD, YYYY, HH:mm A"",""volumeControl"":false,""titleAnimation"":""none"",""forceEnterScreen"":false,""showViews"":true,""viewsAnimation"":false,""viewsAnimationDuration"":1000,""parallaxEnabled"":false,""parallaxInverted"":false,""parallaxIntensity"":50,""allowFeedback"":false,""allowComments"":false,""commentsPublic"":false}",false,false,5,false,false,true,false,https://www.gouvernement.fr/,https://twitter.com/elysee,https://github.com/FrenchTech,https://www.linkedin.com/company/gouvernement-francais/,true,false,0,0,0,0,false,false,none,"{""unlimitedImages"":false,""customDomain"":false,""prioritySupport"":false,""analyticsAccess"":false,""customBranding"":false,""adFree"":false}",[],[],[],2026-01-19T22:07:50.232Z,2026-01-19T22:07:50.248Z,2026-01-19T22:07:50.232Z,0
"""696eab4ac29dd0c813ccfe8d""","""696eab49c29dd0c813ccfe85""",francevictorytew5b09256,francevictorytew5b09256,francevictorytew5b,France forte,Soutien à la France,"Je suis un fan de Starlit! J'adore ce site, gloire à la France et à Macron!",https://files.catbox.moe/v941zo.jpg,center,https://files.catbox.moe/v941zo.jpg,center,"Paris, France",open,offline,[],"[""React""]","[""Data Scientist""]",Data Scientist,[],[],false,center,[],"{""primaryColor"":""#EF4444"",""secondaryColor"":""#6366F1"",""positioning"":""center"",""theme"":""blue"",""fontStyle"":""sans-serif"",""cardStyle"":""modern"",""shadowIntensity"":""medium"",""animationSpeed"":""normal"",""enableParticles"":false,""showSocialIcons"":true,""compactMode"":false,""hideStats"":false,""avatarRadius"":50,""profileOpacity"":100,""profileBlur"":0,""backgroundEffect"":""none"",""usernameEffect"":""none"",""accentColor"":""#3B82F6"",""textColor"":""#FFFFFF"",""secondaryTextColor"":""#DDDDDD"",""backgroundColor"":""#030303"",""gradientEnabled"":false,""gradientColors"":[""#3B82F6"",""#8B5CF6""],""backgroundType"":""solid"",""borderEnabled"":false,""borderColor"":""#3B82F6"",""borderRadius"":16,""aboutMeEnabled"":true,""aboutMeAdvanced"":false,""showJoinDate"":true,""timeFormat"":""12h"",""displayMode"":""absolute"",""timeSchema"":""MMM DD, YYYY, HH:mm A"",""volumeControl"":false,""titleAnimation"":""none"",""forceEnterScreen"":false,""showViews"":true,""viewsAnimation"":false,""viewsAnimationDuration"":1000,""parallaxEnabled"":false,""parallaxInverted"":false,""parallaxIntensity"":50,""allowFeedback"":false,""allowComments"":false,""commentsPublic"":false}",false,false,5,false,false,true,false,https://www.gouvernement.fr/,https://twitter.com/elysee,https://github.com/FrenchTech,https://www.linkedin.com/company/gouvernement-francais/,true,false,0,0,0,0,false,false,none,"{""unlimitedImages"":false,""customDomain"":false,""prioritySupport"":false,""analyticsAccess"":false,""customBranding"":false,""adFree"":false}",[],[],[],2026-01-19T22:08:10.590Z,2026-01-19T22:08:10.607Z,2026-01-19T22:08:10.590Z,0
"""696eab51c29dd0c813ccfea6""","""696eab51c29dd0c813ccfe9e""",macron20246wn80691,macron20246wn80691,macron20246wn,France éternelle,France pour toujours,"Je suis un fan de Starlit! J'adore ce site, gloire à la France et à Macron!",https://files.catbox.moe/v941zo.jpg,center,https://files.catbox.moe/v941zo.jpg,center,"Paris, France",open,offline,[],"[""Docker"",""Kubernetes"",""Figma"",""React""]","[""UX Designer""]",UX Designer,[],[],false,center,[],"{""primaryColor"":""#EF4444"",""secondaryColor"":""#F59E0B"",""positioning"":""left"",""theme"":""simplistic"",""fontStyle"":""sans-serif"",""cardStyle"":""modern"",""shadowIntensity"":""medium"",""animationSpeed"":""normal"",""enableParticles"":false,""showSocialIcons"":true,""compactMode"":false,""hideStats"":false,""avatarRadius"":50,""profileOpacity"":100,""profileBlur"":0,""backgroundEffect"":""none"",""usernameEffect"":""none"",""accentColor"":""#3B82F6"",""textColor"":""#FFFFFF"",""secondaryTextColor"":""#DDDDDD"",""backgroundColor"":""#030303"",""gradientEnabled"":false,""gradientColors"":[""#3B82F6"",""#8B5CF6""],""backgroundType"":""solid"",""borderEnabled"":false,""borderColor"":""#3B82F6"",""borderRadius"":16,""aboutMeEnabled"":true,""aboutMeAdvanced"":false,""showJoinDate"":true,""timeFormat"":""12h"",""displayMode"":""absolute"",""timeSchema"":""MMM DD, YYYY, HH:mm A"",""volumeControl"":false,""titleAnimation"":""none"",""forceEnterScreen"":false,""showViews"":true,""viewsAnimation"":false,""viewsAnimationDuration"":1000,""parallaxEnabled"":false,""parallaxInverted"":false,""parallaxIntensity"":50,""allowFeedback"":false,""allowComments"":false,""commentsPublic"":false}",false,false,5,false,false,true,false,https://www.gouvernement.fr/,https://twitter.com/elysee,https://github.com/FrenchTech,https://www.linkedin.com/company/gouvernement-francais/,true,false,0,0,0,0,false,false,none,"{""unlimitedImages"":false,""customDomain"":false,""prioritySupport"":false,""analyticsAccess"":false,""customBranding"":false,""adFree"":false}",[],[],[],2026-01-19T22:08:18.003Z,2026-01-19T22:08:18.024Z,2026-01-19T22:08:18.003Z,0
"""696eab5fc29dd0c813ccfeda""","""696eab5ec29dd0c813ccfed2""",franceheropvr369580,franceheropvr369580,franceheropvr36,France forte,Soutien à la France,"Je suis un fan de Starlit! J'adore ce site, gloire à la France et à Macron!",https://files.catbox.moe/v941zo.jpg,center,https://files.catbox.moe/v941zo.jpg,center,"Paris, France",open,offline,[],"[""Go""]","[""Backend Developer""]",Backend Developer,[],[],false,center,[],"{""primaryColor"":""#EF4444"",""secondaryColor"":""#EC4899"",""positioning"":""left"",""theme"":""default"",""fontStyle"":""sans-serif"",""cardStyle"":""modern"",""shadowIntensity"":""medium"",""animationSpeed"":""normal"",""enableParticles"":false,""showSocialIcons"":true,""compactMode"":false,""hideStats"":false,""avatarRadius"":50,""profileOpacity"":100,""profileBlur"":0,""backgroundEffect"":""none"",""usernameEffect"":""none"",""accentColor"":""#3B82F6"",""textColor"":""#FFFFFF"",""secondaryTextColor"":""#DDDDDD"",""backgroundColor"":""#030303"",""gradientEnabled"":false,""gradientColors"":[""#3B82F6"",""#8B5CF6""],""backgroundType"":""solid"",""borderEnabled"":false,""borderColor"":""#3B82F6"",""borderRadius"":16,""aboutMeEnabled"":true,""aboutMeAdvanced"":false,""showJoinDate"":true,""timeFormat"":""12h"",""displayMode"":""absolute"",""timeSchema"":""MMM DD, YYYY, HH:mm A"",""volumeControl"":false,""titleAnimation"":""none"",""forceEnterScreen"":false,""showViews"":true,""viewsAnimation"":false,""viewsAnimationDuration"":1000,""parallaxEnabled"":false,""parallaxInverted"":false,""parallaxIntensity"":50,""allowFeedback"":false,""allowComments"":false,""commentsPublic"":false}",false,false,5,false,false,true,false,https://www.gouvernement.fr/,https://twitter.com/elysee,https://github.com/FrenchTech,https://www.linkedin.com/company/gouvernement-francais/,true,false,0,0,0,0,false,false,none,"{""unlimitedImages"":false,""customDomain"":false,""prioritySupport"":false,""analyticsAccess"":false,""customBranding"":false,""adFree"":false}",[],[],[],2026-01-19T22:08:31.717Z,2026-01-19T22:08:31.736Z,2026-01-19T22:08:31.717Z,0
"""696eab67c29dd0c813ccfef3""","""696eab66c29dd0c813ccfeeb""",frenchy2n7o443451,frenchy2n7o443451,frenchy2n7o,Fier de la France,France unie,"Je suis un fan de Starlit! J'adore ce site, gloire à la France et à Macron!",https://files.catbox.moe/v941zo.jpg,center,https://files.catbox.moe/v941zo.jpg,center,"Paris, France",open,offline,[],"[""Photoshop"",""Docker"",""Python""]","[""Marketing Manager""]",Marketing Manager,[],[],false,center,[],"{""primaryColor"":""#10B981"",""secondaryColor"":""#6366F1"",""positioning"":""left"",""theme"":""portfolio"",""fontStyle"":""sans-serif"",""cardStyle"":""modern"",""shadowIntensity"":""medium"",""animationSpeed"":""normal"",""enableParticles"":false,""showSocialIcons"":true,""compactMode"":false,""hideStats"":false,""avatarRadius"":50,""profileOpacity"":100,""profileBlur"":0,""backgroundEffect"":""none"",""usernameEffect"":""none"",""accentColor"":""#3B82F6"",""textColor"":""#FFFFFF"",""secondaryTextColor"":""#DDDDDD"",""backgroundColor"":""#030303"",""gradientEnabled"":false,""gradientColors"":[""#3B82F6"",""#8B5CF6""],""backgroundType"":""solid"",""borderEnabled"":false,""borderColor"":""#3B82F6"",""borderRadius"":16,""aboutMeEnabled"":true,""aboutMeAdvanced"":false,""showJoinDate"":true,""timeFormat"":""12h"",""displayMode"":""absolute"",""timeSchema"":""MMM DD, YYYY, HH:mm A"",""volumeControl"":false,""titleAnimation"":""none"",""forceEnterScreen"":false,""showViews"":true,""viewsAnimation"":false,""viewsAnimationDuration"":1000,""parallaxEnabled"":false,""parallaxInverted"":false,""parallaxIntensity"":50,""allowFeedback"":false,""allowComments"":false,""commentsPublic"":false}",false,false,5,false,false,true,false,https://www.gouvernement.fr/,https://twitter.com/elysee,https://github.com/FrenchTech,https://www.linkedin.com/company/gouvernement-francais/,true,false,0,0,0,0,false,false,none,"{""unlimitedImages"":false,""customDomain"":false,""prioritySupport"":false,""analyticsAccess"":false,""customBranding"":false,""adFree"":false}",[],[],[],2026-01-19T22:08:39.148Z,2026-01-19T22:08:39.164Z,2026-01-19T22:08:39.148Z,0
"""696eab6ec29dd0c813ccff0c""","""696eab6dc29dd0c813ccff04""",gaullerr79065,gaullerr79065,gaullerr,Soutien à Macron,Fier d'être français,"Je suis un fan de Starlit! J'adore ce site, gloire à la France et à Macron!",https://files.catbox.moe/v941zo.jpg,center,https://files.catbox.moe/v941zo.jpg,center,"Paris, France",open,offline,[],"[""Adobe XD"",""GCP""]","[""UX Designer""]",UX Designer,[],[],false,center,[],"{""primaryColor"":""#F59E0B"",""secondaryColor"":""#EF4444"",""positioning"":""right"",""theme"":""portfolio"",""fontStyle"":""sans-serif"",""cardStyle"":""modern"",""shadowIntensity"":""medium"",""animationSpeed"":""normal"",""enableParticles"":false,""showSocialIcons"":true,""compactMode"":false,""hideStats"":false,""avatarRadius"":50,""profileOpacity"":100,""profileBlur"":0,""backgroundEffect"":""none"",""usernameEffect"":""none"",""accentColor"":""#3B82F6"",""textColor"":""#FFFFFF"",""secondaryTextColor"":""#DDDDDD"",""backgroundColor"":""#030303"",""gradientEnabled"":false,""gradientColors"":[""#3B82F6"",""#8B5CF6""],""backgroundType"":""solid"",""borderEnabled"":false,""borderColor"":""#3B82F6"",""borderRadius"":16,""aboutMeEnabled"":true,""aboutMeAdvanced"":false,""showJoinDate"":true,""timeFormat"":""12h"",""displayMode"":""absolute"",""timeSchema"":""MMM DD, YYYY, HH:mm A"",""volumeControl"":false,""titleAnimation"":""none"",""forceEnterScreen"":false,""showViews"":true,""viewsAnimation"":false,""viewsAnimationDuration"":1000,""parallaxEnabled"":false,""parallaxInverted"":false,""parallaxIntensity"":50,""allowFeedback"":false,""allowComments"":false,""commentsPublic"":false}",false,false,5,false,false,true,false,https://www.gouvernement.fr/,https://twitter.com/elysee,https://github.com/FrenchTech,https://www.linkedin.com/company/gouvernement-francais/,true,false,0,0,0,0,false,false,none,"{""unlimitedImages"":false,""customDomain"":false,""prioritySupport"":false,""analyticsAccess"":false,""customBranding"":false,""adFree"":false}",[],[],[],2026-01-19T22:08:46.554Z,2026-01-19T22:08:46.572Z,2026-01-19T22:08:46.554Z,0
"""696eac1ec29dd0c813ccffee""","""696eac1dc29dd0c813ccffe6""",franceizdlj06373,franceizdlj06373,franceizdlj,Fier d'être français,Français fier,"Je suis un fan de Starlit! J'adore ce site, gloire à la France et à Macron!",https://files.catbox.moe/v941zo.jpg,center,https://files.catbox.moe/v941zo.jpg,center,"Paris, France",open,offline,[],"[""React"",""JavaScript"",""Vue""]","[""Software Engineer""]",Product Designer,[],[],false,center,[],"{""primaryColor"":""#EF4444"",""secondaryColor"":""#10B981"",""positioning"":""center"",""theme"":""default"",""fontStyle"":""sans-serif"",""cardStyle"":""modern"",""shadowIntensity"":""medium"",""animationSpeed"":""normal"",""enableParticles"":false,""showSocialIcons"":true,""compactMode"":false,""hideStats"":false,""avatarRadius"":50,""profileOpacity"":100,""profileBlur"":0,""backgroundEffect"":""none"",""usernameEffect"":""none"",""accentColor"":""#3B82F6"",""textColor"":""#FFFFFF"",""secondaryTextColor"":""#DDDDDD"",""backgroundColor"":""#030303"",""gradientEnabled"":false,""gradientColors"":[""#3B82F6"",""#8B5CF6""],""backgroundType"":""solid"",""borderEnabled"":false,""borderColor"":""#3B82F6"",""borderRadius"":16,""aboutMeEnabled"":true,""aboutMeAdvanced"":false,""showJoinDate"":true,""timeFormat"":""12h"",""displayMode"":""absolute"",""timeSchema"":""MMM DD, YYYY, HH:mm A"",""volumeControl"":false,""titleAnimation"":""none"",""forceEnterScreen"":false,""showViews"":true,""viewsAnimation"":false,""viewsAnimationDuration"":1000,""parallaxEnabled"":false,""parallaxInverted"":false,""parallaxIntensity"":50,""allowFeedback"":false,""allowComments"":false,""commentsPublic"":false}",false,false,5,false,false,true,false,https://www.gouvernement.fr/,https://twitter.com/elysee,https://github.com/FrenchTech,https://www.linkedin.com/company/gouvernement-francais/,true,false,0,0,0,0,false,false,none,"{""unlimitedImages"":false,""customDomain"":false,""prioritySupport"":false,""analyticsAccess"":false,""customBranding"":false,""adFree"":false}",[],[],[],2026-01-19T22:11:42.521Z,2026-01-19T22:11:42.539Z,2026-01-19T22:11:42.521Z,0
"""696eac25c29dd0c813cd000b""","""696eac24c29dd0c813ccffff""",gaulledp1ip319,gaulledp1ip319,gaulledp1ip,Soutien à Macron,Soutien à la France,"Je suis un fan de Starlit! J'adore ce site, gloire à la France et à Macron!",https://files.catbox.moe/v941zo.jpg,center,https://files.catbox.moe/v941zo.jpg,center,"Paris, France",open,offline,[],"[""JavaScript""]","[""Creative Director""]",Software Engineer,[],[],false,center,[],"{""primaryColor"":""#8B5CF6"",""secondaryColor"":""#10B981"",""positioning"":""right"",""theme"":""simplistic"",""fontStyle"":""sans-serif"",""cardStyle"":""modern"",""shadowIntensity"":""medium"",""animationSpeed"":""normal"",""enableParticles"":false,""showSocialIcons"":true,""compactMode"":false,""hideStats"":false,""avatarRadius"":50,""profileOpacity"":100,""profileBlur"":0,""backgroundEffect"":""none"",""usernameEffect"":""none"",""accentColor"":""#3B82F6"",""textColor"":""#FFFFFF"",""secondaryTextColor"":""#DDDDDD"",""backgroundColor"":""#030303"",""gradientEnabled"":false,""gradientColors"":[""#3B82F6"",""#8B5CF6""],""backgroundType"":""solid"",""borderEnabled"":false,""borderColor"":""#3B82F6"",""borderRadius"":16,""aboutMeEnabled"":true,""aboutMeAdvanced"":false,""showJoinDate"":true,""timeFormat"":""12h"",""displayMode"":""absolute"",""timeSchema"":""MMM DD, YYYY, HH:mm A"",""volumeControl"":false,""titleAnimation"":""none"",""forceEnterScreen"":false,""showViews"":true,""viewsAnimation"":false,""viewsAnimationDuration"":1000,""parallaxEnabled"":false,""parallaxInverted"":false,""parallaxIntensity"":50,""allowFeedback"":false,""allowComments"":false,""commentsPublic"":false}",false,false,5,false,false,true,false,https://www.gouvernement.fr/,https://twitter.com/elysee,https://github.com/FrenchTech,https://www.linkedin.com/company/gouvernement-francais/,true,false,0,0,0,0,false,false,none,"{""unlimitedImages"":false,""customDomain"":false,""prioritySupport"":false,""analyticsAccess"":false,""customBranding"":false,""adFree"":false}",[],[],[],2026-01-19T22:11:49.878Z,2026-01-19T22:11:49.899Z,2026-01-19T22:11:49.878Z,0
"""696eac2dc29dd0c813cd0036""","""696eac2cc29dd0c813cd002e""",gaulle63862,gaulle63862,gaulle63,France forte,Soutien à la France,"Je suis un fan de Starlit! J'adore ce site, gloire à la France et à Macron!",https://files.catbox.moe/v941zo.jpg,center,https://files.catbox.moe/v941zo.jpg,center,"Paris, France",open,offline,[],"[""Vue"",""JavaScript"",""NodeJS""]","[""Product Designer""]",Software Engineer,[],[],false,center,[],"{""primaryColor"":""#10B981"",""secondaryColor"":""#8B5CF6"",""positioning"":""right"",""theme"":""simplistic"",""fontStyle"":""sans-serif"",""cardStyle"":""modern"",""shadowIntensity"":""medium"",""animationSpeed"":""normal"",""enableParticles"":false,""showSocialIcons"":true,""compactMode"":false,""hideStats"":false,""avatarRadius"":50,""profileOpacity"":100,""profileBlur"":0,""backgroundEffect"":""none"",""usernameEffect"":""none"",""accentColor"":""#3B82F6"",""textColor"":""#FFFFFF"",""secondaryTextColor"":""#DDDDDD"",""backgroundColor"":""#030303"",""gradientEnabled"":false,""gradientColors"":[""#3B82F6"",""#8B5CF6""],""backgroundType"":""solid"",""borderEnabled"":false,""borderColor"":""#3B82F6"",""borderRadius"":16,""aboutMeEnabled"":true,""aboutMeAdvanced"":false,""showJoinDate"":true,""timeFormat"":""12h"",""displayMode"":""absolute"",""timeSchema"":""MMM DD, YYYY, HH:mm A"",""volumeControl"":false,""titleAnimation"":""none"",""forceEnterScreen"":false,""showViews"":true,""viewsAnimation"":false,""viewsAnimationDuration"":1000,""parallaxEnabled"":false,""parallaxInverted"":false,""parallaxIntensity"":50,""allowFeedback"":false,""allowComments"":false,""commentsPublic"":false}",false,false,5,false,false,true,false,https://www.gouvernement.fr/,https://twitter.com/elysee,https://github.com/FrenchTech,https://www.linkedin.com/company/gouvernement-francais/,true,false,0,0,0,0,false,false,none,"{""unlimitedImages"":false,""customDomain"":false,""prioritySupport"":false,""analyticsAccess"":false,""customBranding"":false,""adFree"":false}",[],[],[],2026-01-19T22:11:57.767Z,2026-01-19T22:11:57.788Z,2026-01-19T22:11:57.768Z,0
"""696eac39c29dd0c813cd005b""","""696eac38c29dd0c813cd0051""",versailles9yab6826,versailles9yab6826,versailles9yab,Vive la France!,France pour toujours,"Je suis un fan de Starlit! J'adore ce site, gloire à la France et à Macron!",https://files.catbox.moe/v941zo.jpg,center,https://files.catbox.moe/v941zo.jpg,center,"Paris, France",open,offline,[],"[""NodeJS"",""Vue""]","[""Marketing Manager""]",Marketing Manager,[],[],false,center,[],"{""primaryColor"":""#8B5CF6"",""secondaryColor"":""#8B5CF6"",""positioning"":""left"",""theme"":""modern"",""fontStyle"":""sans-serif"",""cardStyle"":""modern"",""shadowIntensity"":""medium"",""animationSpeed"":""normal"",""enableParticles"":false,""showSocialIcons"":true,""compactMode"":false,""hideStats"":false,""avatarRadius"":50,""profileOpacity"":100,""profileBlur"":0,""backgroundEffect"":""none"",""usernameEffect"":""none"",""accentColor"":""#3B82F6"",""textColor"":""#FFFFFF"",""secondaryTextColor"":""#DDDDDD"",""backgroundColor"":""#030303"",""gradientEnabled"":false,""gradientColors"":[""#3B82F6"",""#8B5CF6""],""backgroundType"":""solid"",""borderEnabled"":false,""borderColor"":""#3B82F6"",""borderRadius"":16,""aboutMeEnabled"":true,""aboutMeAdvanced"":false,""showJoinDate"":true,""timeFormat"":""12h"",""displayMode"":""absolute"",""timeSchema"":""MMM DD, YYYY, HH:mm A"",""volumeControl"":false,""titleAnimation"":""none"",""forceEnterScreen"":false,""showViews"":true,""viewsAnimation"":false,""viewsAnimationDuration"":1000,""parallaxEnabled"":false,""parallaxInverted"":false,""parallaxIntensity"":50,""allowFeedback"":false,""allowComments"":false,""commentsPublic"":false}",false,false,5,false,false,true,false,https://www.gouvernement.fr/,https://twitter.com/elysee,https://github.com/FrenchTech,https://www.linkedin.com/company/gouvernement-francais/,true,false,0,0,0,0,false,false,none,"{""unlimitedImages"":false,""customDomain"":false,""prioritySupport"":false,""analyticsAccess"":false,""customBranding"":false,""adFree"":false}",[],[],[],2026-01-19T22:12:09.315Z,2026-01-19T22:12:09.332Z,2026-01-19T22:12:09.315Z,0
"""696eac40c29dd0c813cd008b""","""696eac3fc29dd0c813cd006d""",versailleswcdtt64229,versailleswcdtt64229,versailleswcdtt,Fier d'être français,France pour toujours,"Je suis un fan de Starlit! J'adore ce site, gloire à la France et à Macron!",https://files.catbox.moe/v941zo.jpg,center,https://files.catbox.moe/v941zo.jpg,center,"Paris, France",open,offline,[],"[""Vue"",""React"",""TypeScript""]","[""Creative Director""]",Creative Director,[],[],false,center,[],"{""primaryColor"":""#EC4899"",""secondaryColor"":""#F97316"",""positioning"":""right"",""theme"":""blue"",""fontStyle"":""sans-serif"",""cardStyle"":""modern"",""shadowIntensity"":""medium"",""animationSpeed"":""normal"",""enableParticles"":false,""showSocialIcons"":true,""compactMode"":false,""hideStats"":false,""avatarRadius"":50,""profileOpacity"":100,""profileBlur"":0,""backgroundEffect"":""none"",""usernameEffect"":""none"",""accentColor"":""#3B82F6"",""textColor"":""#FFFFFF"",""secondaryTextColor"":""#DDDDDD"",""backgroundColor"":""#030303"",""gradientEnabled"":false,""gradientColors"":[""#3B82F6"",""#8B5CF6""],""backgroundType"":""solid"",""borderEnabled"":false,""borderColor"":""#3B82F6"",""borderRadius"":16,""aboutMeEnabled"":true,""aboutMeAdvanced"":false,""showJoinDate"":true,""timeFormat"":""12h"",""displayMode"":""absolute"",""timeSchema"":""MMM DD, YYYY, HH:mm A"",""volumeControl"":false,""titleAnimation"":""none"",""forceEnterScreen"":false,""showViews"":true,""viewsAnimation"":false,""viewsAnimationDuration"":1000,""parallaxEnabled"":false,""parallaxInverted"":false,""parallaxIntensity"":50,""allowFeedback"":false,""allowComments"":false,""commentsPublic"":false}",false,false,5,false,false,true,false,https://www.gouvernement.fr/,https://twitter.com/elysee,https://github.com/FrenchTech,https://www.linkedin.com/company/gouvernement-francais/,true,false,0,0,0,0,false,false,none,"{""unlimitedImages"":false,""customDomain"":false,""prioritySupport"":false,""analyticsAccess"":false,""customBranding"":false,""adFree"":false}",[],[],[],2026-01-19T22:12:16.947Z,2026-01-19T22:12:16.970Z,2026-01-19T22:12:16.947Z,0
"""696eac48c29dd0c813cd00b1""","""696eac47c29dd0c813cd00a9""",gaullem5q73187,gaullem5q73187,gaullem5q7,France forte,Fier d'être français,"Je suis un fan de Starlit! J'adore ce site, gloire à la France et à Macron!",https://files.catbox.moe/v941zo.jpg,center,https://files.catbox.moe/v941zo.jpg,center,"Paris, France",open,offline,[],"[""NodeJS"",""Python""]","[""Creative Director""]",Software Engineer,[],[],false,center,[],"{""primaryColor"":""#10B981"",""secondaryColor"":""#F97316"",""positioning"":""left"",""theme"":""portfolio"",""fontStyle"":""sans-serif"",""cardStyle"":""modern"",""shadowIntensity"":""medium"",""animationSpeed"":""normal"",""enableParticles"":false,""showSocialIcons"":true,""compactMode"":false,""hideStats"":false,""avatarRadius"":50,""profileOpacity"":100,""profileBlur"":0,""backgroundEffect"":""none"",""usernameEffect"":""none"",""accentColor"":""#3B82F6"",""textColor"":""#FFFFFF"",""secondaryTextColor"":""#DDDDDD"",""backgroundColor"":""#030303"",""gradientEnabled"":false,""gradientColors"":[""#3B82F6"",""#8B5CF6""],""backgroundType"":""solid"",""borderEnabled"":false,""borderColor"":""#3B82F6"",""borderRadius"":16,""aboutMeEnabled"":true,""aboutMeAdvanced"":false,""showJoinDate"":true,""timeFormat"":""12h"",""displayMode"":""absolute"",""timeSchema"":""MMM DD, YYYY, HH:mm A"",""volumeControl"":false,""titleAnimation"":""none"",""forceEnterScreen"":false,""showViews"":true,""viewsAnimation"":false,""viewsAnimationDuration"":1000,""parallaxEnabled"":false,""parallaxInverted"":false,""parallaxIntensity"":50,""allowFeedback"":false,""allowComments"":false,""commentsPublic"":false}",false,false,5,false,false,true,false,https://www.gouvernement.fr/,https://twitter.com/elysee,https://github.com/FrenchTech,https://www.linkedin.com/company/gouvernement-francais/,true,false,0,0,0,0,false,false,none,"{""unlimitedImages"":false,""customDomain"":false,""prioritySupport"":false,""analyticsAccess"":false,""customBranding"":false,""adFree"":false}",[],[],[],2026-01-19T22:12:24.699Z,2026-01-19T22:12:24.723Z,2026-01-19T22:12:24.700Z,0
"""696eac50c29dd0c813cd00cb""","""696eac4fc29dd0c813cd00c2""",marseillenz5833,marseillenz5833,marseillenz5,Vive la France!,France pour toujours,"Je suis un fan de Starlit! J'adore ce site, gloire à la France et à Macron!",https://files.catbox.moe/v941zo.jpg,center,https://files.catbox.moe/v941zo.jpg,center,"Paris, France",open,offline,[],"[""React""]","[""Product Designer""]",Creative Director,[],[],false,center,[],"{""primaryColor"":""#EF4444"",""secondaryColor"":""#EC4899"",""positioning"":""right"",""theme"":""simplistic"",""fontStyle"":""sans-serif"",""cardStyle"":""modern"",""shadowIntensity"":""medium"",""animationSpeed"":""normal"",""enableParticles"":false,""showSocialIcons"":true,""compactMode"":false,""hideStats"":false,""avatarRadius"":50,""profileOpacity"":100,""profileBlur"":0,""backgroundEffect"":""none"",""usernameEffect"":""none"",""accentColor"":""#3B82F6"",""textColor"":""#FFFFFF"",""secondaryTextColor"":""#DDDDDD"",""backgroundColor"":""#030303"",""gradientEnabled"":false,""gradientColors"":[""#3B82F6"",""#8B5CF6""],""backgroundType"":""solid"",""borderEnabled"":false,""borderColor"":""#3B82F6"",""borderRadius"":16,""aboutMeEnabled"":true,""aboutMeAdvanced"":false,""showJoinDate"":true,""timeFormat"":""12h"",""displayMode"":""absolute"",""timeSchema"":""MMM DD, YYYY, HH:mm A"",""volumeControl"":false,""titleAnimation"":""none"",""forceEnterScreen"":false,""showViews"":true,""viewsAnimation"":false,""viewsAnimationDuration"":1000,""parallaxEnabled"":false,""parallaxInverted"":false,""parallaxIntensity"":50,""allowFeedback"":false,""allowComments"":false,""commentsPublic"":false}",false,false,5,false,false,true,false,https://www.gouvernement.fr/,https://twitter.com/elysee,https://github.com/FrenchTech,https://www.linkedin.com/company/gouvernement-francais/,true,false,0,0,0,0,false,false,none,"{""unlimitedImages"":false,""customDomain"":false,""prioritySupport"":false,""analyticsAccess"":false,""customBranding"":false,""adFree"":false}",[],[],[],2026-01-19T22:12:32.282Z,2026-01-19T22:12:32.300Z,2026-01-19T22:12:32.282Z,0
"""696eac5ac29dd0c813cd00f2""","""696eac59c29dd0c813cd00ea""",macronfan33i3p882,macronfan33i3p882,macronfan33i3p,Vive la France!,Fier d'être français,"Je suis un fan de Starlit! J'adore ce site, gloire à la France et à Macron!",https://files.catbox.moe/v941zo.jpg,center,https://files.catbox.moe/v941zo.jpg,center,"Paris, France",open,offline,[],"[""React"",""Python""]","[""Creative Director""]",Software Engineer,[],[],false,center,[],"{""primaryColor"":""#3B82F6"",""secondaryColor"":""#3B82F6"",""positioning"":""center"",""theme"":""modern"",""fontStyle"":""sans-serif"",""cardStyle"":""modern"",""shadowIntensity"":""medium"",""animationSpeed"":""normal"",""enableParticles"":false,""showSocialIcons"":true,""compactMode"":false,""hideStats"":false,""avatarRadius"":50,""profileOpacity"":100,""profileBlur"":0,""backgroundEffect"":""none"",""usernameEffect"":""none"",""accentColor"":""#3B82F6"",""textColor"":""#FFFFFF"",""secondaryTextColor"":""#DDDDDD"",""backgroundColor"":""#030303"",""gradientEnabled"":false,""gradientColors"":[""#3B82F6"",""#8B5CF6""],""backgroundType"":""solid"",""borderEnabled"":false,""borderColor"":""#3B82F6"",""borderRadius"":16,""aboutMeEnabled"":true,""aboutMeAdvanced"":false,""showJoinDate"":true,""timeFormat"":""12h"",""displayMode"":""absolute"",""timeSchema"":""MMM DD, YYYY, HH:mm A"",""volumeControl"":false,""titleAnimation"":""none"",""forceEnterScreen"":false,""showViews"":true,""viewsAnimation"":false,""viewsAnimationDuration"":1000,""parallaxEnabled"":false,""parallaxInverted"":false,""parallaxIntensity"":50,""allowFeedback"":false,""allowComments"":false,""commentsPublic"":false}",false,false,5,false,false,true,false,https://www.gouvernement.fr/,https://twitter.com/elysee,https://github.com/FrenchTech,https://www.linkedin.com/company/gouvernement-francais/,true,false,0,0,0,0,false,false,none,"{""unlimitedImages"":false,""customDomain"":false,""prioritySupport"":false,""analyticsAccess"":false,""customBranding"":false,""adFree"":false}",[],[],[],2026-01-19T22:12:42.293Z,2026-01-19T22:12:42.323Z,2026-01-19T22:12:42.293Z,0
"""696eac61c29dd0c813cd0117""","""696eac60c29dd0c813cd0106""",francaisjl94249,francaisjl94249,francaisjl,Vive la France!,France pour toujours,"Je suis un fan de Starlit! J'adore ce site, gloire à la France et à Macron!",https://files.catbox.moe/v941zo.jpg,center,https://files.catbox.moe/v941zo.jpg,center,"Paris, France",open,offline,[],"[""Vue"",""React"",""Python"",""TypeScript""]","[""Creative Director""]",Marketing Manager,[],[],false,center,[],"{""primaryColor"":""#EC4899"",""secondaryColor"":""#3B82F6"",""positioning"":""center"",""theme"":""default"",""fontStyle"":""sans-serif"",""cardStyle"":""modern"",""shadowIntensity"":""medium"",""animationSpeed"":""normal"",""enableParticles"":false,""showSocialIcons"":true,""compactMode"":false,""hideStats"":false,""avatarRadius"":50,""profileOpacity"":100,""profileBlur"":0,""backgroundEffect"":""none"",""usernameEffect"":""none"",""accentColor"":""#3B82F6"",""textColor"":""#FFFFFF"",""secondaryTextColor"":""#DDDDDD"",""backgroundColor"":""#030303"",""gradientEnabled"":false,""gradientColors"":[""#3B82F6"",""#8B5CF6""],""backgroundType"":""solid"",""borderEnabled"":false,""borderColor"":""#3B82F6"",""borderRadius"":16,""aboutMeEnabled"":true,""aboutMeAdvanced"":false,""showJoinDate"":true,""timeFormat"":""12h"",""displayMode"":""absolute"",""timeSchema"":""MMM DD, YYYY, HH:mm A"",""volumeControl"":false,""titleAnimation"":""none"",""forceEnterScreen"":false,""showViews"":true,""viewsAnimation"":false,""viewsAnimationDuration"":1000,""parallaxEnabled"":false,""parallaxInverted"":false,""parallaxIntensity"":50,""allowFeedback"":false,""allowComments"":false,""commentsPublic"":false}",false,false,5,false,false,true,false,https://www.gouvernement.fr/,https://twitter.com/elysee,https://github.com/FrenchTech,https://www.linkedin.com/company/gouvernement-francais/,true,false,0,0,0,0,false,false,none,"{""unlimitedImages"":false,""customDomain"":false,""prioritySupport"":false,""analyticsAccess"":false,""customBranding"":false,""adFree"":false}",[],[],[],2026-01-19T22:12:49.833Z,2026-01-19T22:12:49.853Z,2026-01-19T22:12:49.833Z,0
"""696eaca1c29dd0c813cd0154""","""696eaca0c29dd0c813cd014c""",israelilovenl284,israelilovenl284,israelilovenl,תומך בישראל,תומך בישראל,"אני מעריץ של סטארביו! אני אוהב את האתר הזה, תהילה לנטניהו.",https://files.catbox.moe/aetj2v.png,center,https://files.catbox.moe/aetj2v.png,center,"Tel Aviv, Israel",open,offline,[],"[""NodeJS"",""JavaScript""]","[""Product Designer""]",Creative Director,[],[],false,center,[],"{""primaryColor"":""#EF4444"",""secondaryColor"":""#F97316"",""positioning"":""right"",""theme"":""portfolio"",""fontStyle"":""sans-serif"",""cardStyle"":""modern"",""shadowIntensity"":""medium"",""animationSpeed"":""normal"",""enableParticles"":false,""showSocialIcons"":true,""compactMode"":false,""hideStats"":false,""avatarRadius"":50,""profileOpacity"":100,""profileBlur"":0,""backgroundEffect"":""none"",""usernameEffect"":""none"",""accentColor"":""#3B82F6"",""textColor"":""#FFFFFF"",""secondaryTextColor"":""#DDDDDD"",""backgroundColor"":""#030303"",""gradientEnabled"":false,""gradientColors"":[""#3B82F6"",""#8B5CF6""],""backgroundType"":""solid"",""borderEnabled"":false,""borderColor"":""#3B82F6"",""borderRadius"":16,""aboutMeEnabled"":true,""aboutMeAdvanced"":false,""showJoinDate"":true,""timeFormat"":""12h"",""displayMode"":""absolute"",""timeSchema"":""MMM DD, YYYY, HH:mm A"",""volumeControl"":false,""titleAnimation"":""none"",""forceEnterScreen"":false,""showViews"":true,""viewsAnimation"":false,""viewsAnimationDuration"":1000,""parallaxEnabled"":false,""parallaxInverted"":false,""parallaxIntensity"":50,""allowFeedback"":false,""allowComments"":false,""commentsPublic"":false}",false,false,5,false,false,true,false,https://www.idf.il/,https://twitter.com/IDF,https://github.com/IsraeliTech,https://www.linkedin.com/company/israel-defense-forces/,true,false,0,0,0,0,false,false,none,"{""unlimitedImages"":false,""customDomain"":false,""prioritySupport"":false,""analyticsAccess"":false,""customBranding"":false,""adFree"":false}",[],[],[],2026-01-19T22:13:53.069Z,2026-01-19T22:13:53.091Z,2026-01-19T22:13:53.069Z,0
"""696eaca8c29dd0c813cd017a""","""696eaca7c29dd0c813cd016e""",israeldefense6lx329789,israeldefense6lx329789,israeldefense6lx,גאה בישראל,ישראלי גאה,"אני מעריץ של סטארביו! אני אוהב את האתר הזה, תהילה לנטניהו.",https://files.catbox.moe/aetj2v.png,center,https://files.catbox.moe/aetj2v.png,center,"Tel Aviv, Israel",open,offline,[],"[""React""]","[""Creative Director""]",Marketing Manager,[],[],false,center,[],"{""primaryColor"":""#EF4444"",""secondaryColor"":""#F97316"",""positioning"":""center"",""theme"":""default"",""fontStyle"":""sans-serif"",""cardStyle"":""modern"",""shadowIntensity"":""medium"",""animationSpeed"":""normal"",""enableParticles"":false,""showSocialIcons"":true,""compactMode"":false,""hideStats"":false,""avatarRadius"":50,""profileOpacity"":100,""profileBlur"":0,""backgroundEffect"":""none"",""usernameEffect"":""none"",""accentColor"":""#3B82F6"",""textColor"":""#FFFFFF"",""secondaryTextColor"":""#DDDDDD"",""backgroundColor"":""#030303"",""gradientEnabled"":false,""gradientColors"":[""#3B82F6"",""#8B5CF6""],""backgroundType"":""solid"",""borderEnabled"":false,""borderColor"":""#3B82F6"",""borderRadius"":16,""aboutMeEnabled"":true,""aboutMeAdvanced"":false,""showJoinDate"":true,""timeFormat"":""12h"",""displayMode"":""absolute"",""timeSchema"":""MMM DD, YYYY, HH:mm A"",""volumeControl"":false,""titleAnimation"":""none"",""forceEnterScreen"":false,""showViews"":true,""viewsAnimation"":false,""viewsAnimationDuration"":1000,""parallaxEnabled"":false,""parallaxInverted"":false,""parallaxIntensity"":50,""allowFeedback"":false,""allowComments"":false,""commentsPublic"":false}",false,false,5,false,false,true,false,https://www.idf.il/,https://twitter.com/IDF,https://github.com/IsraeliTech,https://www.linkedin.com/company/israel-defense-forces/,true,false,0,0,0,0,false,false,none,"{""unlimitedImages"":false,""customDomain"":false,""prioritySupport"":false,""analyticsAccess"":false,""customBranding"":false,""adFree"":false}",[],[],[],2026-01-19T22:14:00.578Z,2026-01-19T22:14:00.597Z,2026-01-19T22:14:00.578Z,0
"""696eacb0c29dd0c813cd01a9""","""696eacafc29dd0c813cd019f""",jerusalemwxcl439610,jerusalemwxcl439610,jerusalemwxcl4,ישראל היא הבית שלי,ישראל חזקה,"אני מעריץ של סטארביו! אני אוהב את האתר הזה, תהילה לנטניהו.",https://files.catbox.moe/aetj2v.png,center,https://files.catbox.moe/aetj2v.png,center,"Tel Aviv, Israel",open,offline,[],"[""React""]","[""Product Designer""]",Creative Director,[],[],false,center,[],"{""primaryColor"":""#8B5CF6"",""secondaryColor"":""#10B981"",""positioning"":""left"",""theme"":""portfolio"",""fontStyle"":""sans-serif"",""cardStyle"":""modern"",""shadowIntensity"":""medium"",""animationSpeed"":""normal"",""enableParticles"":false,""showSocialIcons"":true,""compactMode"":false,""hideStats"":false,""avatarRadius"":50,""profileOpacity"":100,""profileBlur"":0,""backgroundEffect"":""none"",""usernameEffect"":""none"",""accentColor"":""#3B82F6"",""textColor"":""#FFFFFF"",""secondaryTextColor"":""#DDDDDD"",""backgroundColor"":""#030303"",""gradientEnabled"":false,""gradientColors"":[""#3B82F6"",""#8B5CF6""],""backgroundType"":""solid"",""borderEnabled"":false,""borderColor"":""#3B82F6"",""borderRadius"":16,""aboutMeEnabled"":true,""aboutMeAdvanced"":false,""showJoinDate"":true,""timeFormat"":""12h"",""displayMode"":""absolute"",""timeSchema"":""MMM DD, YYYY, HH:mm A"",""volumeControl"":false,""titleAnimation"":""none"",""forceEnterScreen"":false,""showViews"":true,""viewsAnimation"":false,""viewsAnimationDuration"":1000,""parallaxEnabled"":false,""parallaxInverted"":false,""parallaxIntensity"":50,""allowFeedback"":false,""allowComments"":false,""commentsPublic"":false}",false,false,5,false,false,true,false,https://www.idf.il/,https://twitter.com/IDF,https://github.com/IsraeliTech,https://www.linkedin.com/company/israel-defense-forces/,true,false,0,0,0,0,false,false,none,"{""unlimitedImages"":false,""customDomain"":false,""prioritySupport"":false,""analyticsAccess"":false,""customBranding"":false,""adFree"":false}",[],[],[],2026-01-19T22:14:08.446Z,2026-01-19T22:14:08.464Z,2026-01-19T22:14:08.447Z,0
"""696eacb5c29dd0c813cd01be""","""696eac15c29dd0c813ccffc7""",bhop,bhop,bhop,bhop.codes,I AM RUS — devel 0 pat i1 om,DEVELOPER — RU SIA,,center,,center,"ZULABEX
this site is dogshit
t.me/uniquify",open,offline,[],"[""Adobe Photoshop""]","[""Android Developer""]",Android Developer,[],[],false,center,[],"{""primaryColor"":""#F97316"",""secondaryColor"":""#EF4444"",""positioning"":""center"",""fontStyle"":""sans-serif"",""cardStyle"":""modern"",""shadowIntensity"":""medium"",""animationSpeed"":""normal"",""enableParticles"":false,""showSocialIcons"":true,""compactMode"":false,""hideStats"":false,""avatarRadius"":50,""profileOpacity"":100,""profileBlur"":0,""backgroundEffect"":""none"",""usernameEffect"":""none"",""accentColor"":""#3B82F6"",""textColor"":""#FFFFFF"",""secondaryTextColor"":""#DDDDDD"",""backgroundColor"":""#030303"",""gradientEnabled"":false,""gradientColors"":[""#3B82F6"",""#8B5CF6""],""backgroundType"":""solid"",""borderEnabled"":false,""borderColor"":""#3B82F6"",""borderRadius"":16,""aboutMeEnabled"":true,""aboutMeText"":"""",""aboutMeAdvanced"":false,""showJoinDate"":true,""timeFormat"":""12h"",""displayMode"":""absolute"",""timeSchema"":""MMM DD, YYYY, HH:mm A"",""volumeControl"":false,""titleAnimation"":""none"",""showViews"":true,""viewsAnimation"":false,""viewsAnimationDuration"":1000,""parallaxEnabled"":false,""parallaxInverted"":false,""parallaxIntensity"":50,""allowFeedback"":false,""allowComments"":false,""commentsPublic"":false,""theme"":""orange""}",false,false,5,false,false,true,false,https://bhop.codes,,,,true,false,21,0,0,21,false,false,moderator,"{""unlimitedImages"":false,""customDomain"":false,""prioritySupport"":false,""analyticsAccess"":false,""customBranding"":false,""adFree"":false}",[],[],[],2026-01-19T22:14:13.045Z,2026-01-19T22:22:31.699Z,2026-01-19T22:14:13.045Z,0
"""696eacb8c29dd0c813cd01cf""","""696eacb7c29dd0c813cd01c3""",israelstrongn5s7042481,israelstrongn5s7042481,israelstrongn5s7,תומך בנטניהו,גאה להיות ישראלי,"אני מעריץ של סטארביו! אני אוהב את האתר הזה, תהילה לנטניהו.",https://files.catbox.moe/aetj2v.png,center,https://files.catbox.moe/aetj2v.png,center,"Tel Aviv, Israel",open,offline,[],"[""Python"",""TypeScript""]","[""Product Designer""]",Product Designer,[],[],false,center,[],"{""primaryColor"":""#EF4444"",""secondaryColor"":""#3B82F6"",""positioning"":""center"",""theme"":""blue"",""fontStyle"":""sans-serif"",""cardStyle"":""modern"",""shadowIntensity"":""medium"",""animationSpeed"":""normal"",""enableParticles"":false,""showSocialIcons"":true,""compactMode"":false,""hideStats"":false,""avatarRadius"":50,""profileOpacity"":100,""profileBlur"":0,""backgroundEffect"":""none"",""usernameEffect"":""none"",""accentColor"":""#3B82F6"",""textColor"":""#FFFFFF"",""secondaryTextColor"":""#DDDDDD"",""backgroundColor"":""#030303"",""gradientEnabled"":false,""gradientColors"":[""#3B82F6"",""#8B5CF6""],""backgroundType"":""solid"",""borderEnabled"":false,""borderColor"":""#3B82F6"",""borderRadius"":16,""aboutMeEnabled"":true,""aboutMeAdvanced"":false,""showJoinDate"":true,""timeFormat"":""12h"",""displayMode"":""absolute"",""timeSchema"":""MMM DD, YYYY, HH:mm A"",""volumeControl"":false,""titleAnimation"":""none"",""forceEnterScreen"":false,""showViews"":true,""viewsAnimation"":false,""viewsAnimationDuration"":1000,""parallaxEnabled"":false,""parallaxInverted"":false,""parallaxIntensity"":50,""allowFeedback"":false,""allowComments"":false,""commentsPublic"":false}",false,false,5,false,false,true,false,https://www.idf.il/,https://twitter.com/IDF,https://github.com/IsraeliTech,https://www.linkedin.com/company/israel-defense-forces/,true,false,0,0,0,0,false,false,none,"{""unlimitedImages"":false,""customDomain"":false,""prioritySupport"":false,""analyticsAccess"":false,""customBranding"":false,""adFree"":false}",[],[],[],2026-01-19T22:14:16.061Z,2026-01-19T22:14:16.081Z,2026-01-19T22:14:16.061Z,0
"""696eacbfc29dd0c813cd01f5""","""696eacbec29dd0c813cd01e4""",netanyahuleaderjound169288,netanyahuleaderjound169288,netanyahuleaderjound,גאה להיות ישראלי,ישראל לנצח,"אני מעריץ של סטארביו! אני אוהב את האתר הזה, תהילה לנטניהו.",https://files.catbox.moe/aetj2v.png,center,https://files.catbox.moe/aetj2v.png,center,"Tel Aviv, Israel",open,offline,[],"[""React"",""Vue""]","[""Software Engineer""]",Marketing Manager,[],[],false,center,[],"{""primaryColor"":""#10B981"",""secondaryColor"":""#10B981"",""positioning"":""center"",""theme"":""modern"",""fontStyle"":""sans-serif"",""cardStyle"":""modern"",""shadowIntensity"":""medium"",""animationSpeed"":""normal"",""enableParticles"":false,""showSocialIcons"":true,""compactMode"":false,""hideStats"":false,""avatarRadius"":50,""profileOpacity"":100,""profileBlur"":0,""backgroundEffect"":""none"",""usernameEffect"":""none"",""accentColor"":""#3B82F6"",""textColor"":""#FFFFFF"",""secondaryTextColor"":""#DDDDDD"",""backgroundColor"":""#030303"",""gradientEnabled"":false,""gradientColors"":[""#3B82F6"",""#8B5CF6""],""backgroundType"":""solid"",""borderEnabled"":false,""borderColor"":""#3B82F6"",""borderRadius"":16,""aboutMeEnabled"":true,""aboutMeAdvanced"":false,""showJoinDate"":true,""timeFormat"":""12h"",""displayMode"":""absolute"",""timeSchema"":""MMM DD, YYYY, HH:mm A"",""volumeControl"":false,""titleAnimation"":""none"",""forceEnterScreen"":false,""showViews"":true,""viewsAnimation"":false,""viewsAnimationDuration"":1000,""parallaxEnabled"":false,""parallaxInverted"":false,""parallaxIntensity"":50,""allowFeedback"":false,""allowComments"":false,""commentsPublic"":false}",false,false,5,false,false,true,false,https://www.idf.il/,https://twitter.com/IDF,https://github.com/IsraeliTech,https://www.linkedin.com/company/israel-defense-forces/,true,false,0,0,0,0,false,false,none,"{""unlimitedImages"":false,""customDomain"":false,""prioritySupport"":false,""analyticsAccess"":false,""customBranding"":false,""adFree"":false}",[],[],[],2026-01-19T22:14:23.798Z,2026-01-19T22:14:23.814Z,2026-01-19T22:14:23.798Z,0
"""696eacc7c29dd0c813cd0216""","""696eacc6c29dd0c813cd020e""",israelpowerw6708281,israelpowerw6708281,israelpowerw67,ישראל חזקה,ישראל לנצח,"אני מעריץ של סטארביו! אני אוהב את האתר הזה, תהילה לנטניהו.",https://files.catbox.moe/aetj2v.png,center,https://files.catbox.moe/aetj2v.png,center,"Tel Aviv, Israel",open,offline,[],"[""Vue"",""React""]","[""Product Designer""]",Creative Director,[],[],false,center,[],"{""primaryColor"":""#10B981"",""secondaryColor"":""#8B5CF6"",""positioning"":""center"",""theme"":""modern"",""fontStyle"":""sans-serif"",""cardStyle"":""modern"",""shadowIntensity"":""medium"",""animationSpeed"":""normal"",""enableParticles"":false,""showSocialIcons"":true,""compactMode"":false,""hideStats"":false,""avatarRadius"":50,""profileOpacity"":100,""profileBlur"":0,""backgroundEffect"":""none"",""usernameEffect"":""none"",""accentColor"":""#3B82F6"",""textColor"":""#FFFFFF"",""secondaryTextColor"":""#DDDDDD"",""backgroundColor"":""#030303"",""gradientEnabled"":false,""gradientColors"":[""#3B82F6"",""#8B5CF6""],""backgroundType"":""solid"",""borderEnabled"":false,""borderColor"":""#3B82F6"",""borderRadius"":16,""aboutMeEnabled"":true,""aboutMeAdvanced"":false,""showJoinDate"":true,""timeFormat"":""12h"",""displayMode"":""absolute"",""timeSchema"":""MMM DD, YYYY, HH:mm A"",""volumeControl"":false,""titleAnimation"":""none"",""forceEnterScreen"":false,""showViews"":true,""viewsAnimation"":false,""viewsAnimationDuration"":1000,""parallaxEnabled"":false,""parallaxInverted"":false,""parallaxIntensity"":50,""allowFeedback"":false,""allowComments"":false,""commentsPublic"":false}",false,false,5,false,false,true,false,https://www.idf.il/,https://twitter.com/IDF,https://github.com/IsraeliTech,https://www.linkedin.com/company/israel-defense-forces/,true,false,0,0,0,0,false,false,none,"{""unlimitedImages"":false,""customDomain"":false,""prioritySupport"":false,""analyticsAccess"":false,""customBranding"":false,""adFree"":false}",[],[],[],2026-01-19T22:14:31.356Z,2026-01-19T22:14:31.372Z,2026-01-19T22:14:31.356Z,0
"""696eaccfc29dd0c813cd0240""","""696eaccec29dd0c813cd0233""",israelchrf764,israelchrf764,israelchrf,ישראל לנצח,תומך בישראל,"אני מעריץ של סטארביו! אני אוהב את האתר הזה, תהילה לנטניהו.",https://files.catbox.moe/aetj2v.png,center,https://files.catbox.moe/aetj2v.png,center,"Tel Aviv, Israel",open,offline,[],"[""Python"",""NodeJS"",""React"",""Vue""]","[""Product Designer""]",Marketing Manager,[],[],false,center,[],"{""primaryColor"":""#8B5CF6"",""secondaryColor"":""#3B82F6"",""positioning"":""center"",""theme"":""simplistic"",""fontStyle"":""sans-serif"",""cardStyle"":""modern"",""shadowIntensity"":""medium"",""animationSpeed"":""normal"",""enableParticles"":false,""showSocialIcons"":true,""compactMode"":false,""hideStats"":false,""avatarRadius"":50,""profileOpacity"":100,""profileBlur"":0,""backgroundEffect"":""none"",""usernameEffect"":""none"",""accentColor"":""#3B82F6"",""textColor"":""#FFFFFF"",""secondaryTextColor"":""#DDDDDD"",""backgroundColor"":""#030303"",""gradientEnabled"":false,""gradientColors"":[""#3B82F6"",""#8B5CF6""],""backgroundType"":""solid"",""borderEnabled"":false,""borderColor"":""#3B82F6"",""borderRadius"":16,""aboutMeEnabled"":true,""aboutMeAdvanced"":false,""showJoinDate"":true,""timeFormat"":""12h"",""displayMode"":""absolute"",""timeSchema"":""MMM DD, YYYY, HH:mm A"",""volumeControl"":false,""titleAnimation"":""none"",""forceEnterScreen"":false,""showViews"":true,""viewsAnimation"":false,""viewsAnimationDuration"":1000,""parallaxEnabled"":false,""parallaxInverted"":false,""parallaxIntensity"":50,""allowFeedback"":false,""allowComments"":false,""commentsPublic"":false}",false,false,5,false,false,true,false,https://www.idf.il/,https://twitter.com/IDF,https://github.com/IsraeliTech,https://www.linkedin.com/company/israel-defense-forces/,true,false,0,0,0,0,false,false,none,"{""unlimitedImages"":false,""customDomain"":false,""prioritySupport"":false,""analyticsAccess"":false,""customBranding"":false,""adFree"":false}",[],[],[],2026-01-19T22:14:39.075Z,2026-01-19T22:14:39.091Z,2026-01-19T22:14:39.075Z,0
"""696ead02c29dd0c813cd0274""","""696ead01c29dd0c813cd026c""",netanyahusupportersqm249,netanyahusupportersqm249,netanyahusupportersqm,תומך בישראל,ישראלי גאה,"אני מעריץ של סטארביו! אני אוהב את האתר הזה, תהילה לנטניהו.",https://files.catbox.moe/aetj2v.png,center,https://files.catbox.moe/aetj2v.png,center,"Tel Aviv, Israel",open,offline,[],"[""JavaScript"",""Python""]","[""Marketing Manager""]",Software Engineer,[],[],false,center,[],"{""primaryColor"":""#F97316"",""secondaryColor"":""#8B5CF6"",""positioning"":""right"",""theme"":""modern"",""fontStyle"":""sans-serif"",""cardStyle"":""modern"",""shadowIntensity"":""medium"",""animationSpeed"":""normal"",""enableParticles"":false,""showSocialIcons"":true,""compactMode"":false,""hideStats"":false,""avatarRadius"":50,""profileOpacity"":100,""profileBlur"":0,""backgroundEffect"":""none"",""usernameEffect"":""none"",""accentColor"":""#3B82F6"",""textColor"":""#FFFFFF"",""secondaryTextColor"":""#DDDDDD"",""backgroundColor"":""#030303"",""gradientEnabled"":false,""gradientColors"":[""#3B82F6"",""#8B5CF6""],""backgroundType"":""solid"",""borderEnabled"":false,""borderColor"":""#3B82F6"",""borderRadius"":16,""aboutMeEnabled"":true,""aboutMeAdvanced"":false,""showJoinDate"":true,""timeFormat"":""12h"",""displayMode"":""absolute"",""timeSchema"":""MMM DD, YYYY, HH:mm A"",""volumeControl"":false,""titleAnimation"":""none"",""forceEnterScreen"":false,""showViews"":true,""viewsAnimation"":false,""viewsAnimationDuration"":1000,""parallaxEnabled"":false,""parallaxInverted"":false,""parallaxIntensity"":50,""allowFeedback"":false,""allowComments"":false,""commentsPublic"":false}",false,false,5,false,false,true,false,https://www.idf.il/,https://twitter.com/IDF,https://github.com/IsraeliTech,https://www.linkedin.com/company/israel-defense-forces/,true,false,0,0,0,0,false,false,none,"{""unlimitedImages"":false,""customDomain"":false,""prioritySupport"":false,""analyticsAccess"":false,""customBranding"":false,""adFree"":false}",[],[],[],2026-01-19T22:15:30.669Z,2026-01-19T22:15:30.692Z,2026-01-19T22:15:30.669Z,0
"""696ead0ac29dd0c813cd0285""","""696ead09c29dd0c813cd027d""",jerusalem7d8743,jerusalem7d8743,jerusalem7d,גאה להיות ישראלי,ישראלי גאה,"אני מעריץ של סטארביו! אני אוהב את האתר הזה, תהילה לנטניהו.",https://files.catbox.moe/aetj2v.png,center,https://files.catbox.moe/aetj2v.png,center,"Tel Aviv, Israel",open,offline,[],"[""TypeScript"",""NodeJS"",""Python""]","[""Marketing Manager""]",Product Designer,[],[],false,center,[],"{""primaryColor"":""#10B981"",""secondaryColor"":""#8B5CF6"",""positioning"":""center"",""theme"":""blue"",""fontStyle"":""sans-serif"",""cardStyle"":""modern"",""shadowIntensity"":""medium"",""animationSpeed"":""normal"",""enableParticles"":false,""showSocialIcons"":true,""compactMode"":false,""hideStats"":false,""avatarRadius"":50,""profileOpacity"":100,""profileBlur"":0,""backgroundEffect"":""none"",""usernameEffect"":""none"",""accentColor"":""#3B82F6"",""textColor"":""#FFFFFF"",""secondaryTextColor"":""#DDDDDD"",""backgroundColor"":""#030303"",""gradientEnabled"":false,""gradientColors"":[""#3B82F6"",""#8B5CF6""],""backgroundType"":""solid"",""borderEnabled"":false,""borderColor"":""#3B82F6"",""borderRadius"":16,""aboutMeEnabled"":true,""aboutMeAdvanced"":false,""showJoinDate"":true,""timeFormat"":""12h"",""displayMode"":""absolute"",""timeSchema"":""MMM DD, YYYY, HH:mm A"",""volumeControl"":false,""titleAnimation"":""none"",""forceEnterScreen"":false,""showViews"":true,""viewsAnimation"":false,""viewsAnimationDuration"":1000,""parallaxEnabled"":false,""parallaxInverted"":false,""parallaxIntensity"":50,""allowFeedback"":false,""allowComments"":false,""commentsPublic"":false}",false,false,5,false,false,true,false,https://www.idf.il/,https://twitter.com/IDF,https://github.com/IsraeliTech,https://www.linkedin.com/company/israel-defense-forces/,true,false,0,0,0,0,false,false,none,"{""unlimitedImages"":false,""customDomain"":false,""prioritySupport"":false,""analyticsAccess"":false,""customBranding"":false,""adFree"":false}",[],[],[],2026-01-19T22:15:38.078Z,2026-01-19T22:15:38.094Z,2026-01-19T22:15:38.078Z,0
"""696ead11c29dd0c813cd029e""","""696ead10c29dd0c813cd0296""",netanyahurockscm85003,netanyahurockscm85003,netanyahurockscm8,תומך בנטניהו,ישראל חזקה,"אני מעריץ של סטארביו! אני אוהב את האתר הזה, תהילה לנטניהו.",https://files.catbox.moe/aetj2v.png,center,https://files.catbox.moe/aetj2v.png,center,"Tel Aviv, Israel",open,offline,[],"[""TypeScript"",""Vue""]","[""Creative Director""]",Creative Director,[],[],false,center,[],"{""primaryColor"":""#3B82F6"",""secondaryColor"":""#3B82F6"",""positioning"":""left"",""theme"":""modern"",""fontStyle"":""sans-serif"",""cardStyle"":""modern"",""shadowIntensity"":""medium"",""animationSpeed"":""normal"",""enableParticles"":false,""showSocialIcons"":true,""compactMode"":false,""hideStats"":false,""avatarRadius"":50,""profileOpacity"":100,""profileBlur"":0,""backgroundEffect"":""none"",""usernameEffect"":""none"",""accentColor"":""#3B82F6"",""textColor"":""#FFFFFF"",""secondaryTextColor"":""#DDDDDD"",""backgroundColor"":""#030303"",""gradientEnabled"":false,""gradientColors"":[""#3B82F6"",""#8B5CF6""],""backgroundType"":""solid"",""borderEnabled"":false,""borderColor"":""#3B82F6"",""borderRadius"":16,""aboutMeEnabled"":true,""aboutMeAdvanced"":false,""showJoinDate"":true,""timeFormat"":""12h"",""displayMode"":""absolute"",""timeSchema"":""MMM DD, YYYY, HH:mm A"",""volumeControl"":false,""titleAnimation"":""none"",""forceEnterScreen"":false,""showViews"":true,""viewsAnimation"":false,""viewsAnimationDuration"":1000,""parallaxEnabled"":false,""parallaxInverted"":false,""parallaxIntensity"":50,""allowFeedback"":false,""allowComments"":false,""commentsPublic"":false}",false,false,5,false,false,true,false,https://www.idf.il/,https://twitter.com/IDF,https://github.com/IsraeliTech,https://www.linkedin.com/company/israel-defense-forces/,true,false,0,0,0,0,false,false,none,"{""unlimitedImages"":false,""customDomain"":false,""prioritySupport"":false,""analyticsAccess"":false,""customBranding"":false,""adFree"":false}",[],[],[],2026-01-19T22:15:45.699Z,2026-01-19T22:15:45.715Z,2026-01-19T22:15:45.699Z,0
"""696ead19c29dd0c813cd02af""","""696ead18c29dd0c813cd02a7""",idftyqek341467,idftyqek341467,idftyqek,תומך בנטניהו,ישראלי גאה,"אני מעריץ של סטארביו! אני אוהב את האתר הזה, תהילה לנטניהו.",https://files.catbox.moe/aetj2v.png,center,https://files.catbox.moe/aetj2v.png,center,"Tel Aviv, Israel",open,offline,[],"[""React"",""Python""]","[""Product Designer""]",Creative Director,[],[],false,center,[],"{""primaryColor"":""#8B5CF6"",""secondaryColor"":""#F97316"",""positioning"":""center"",""theme"":""blue"",""fontStyle"":""sans-serif"",""cardStyle"":""modern"",""shadowIntensity"":""medium"",""animationSpeed"":""normal"",""enableParticles"":false,""showSocialIcons"":true,""compactMode"":false,""hideStats"":false,""avatarRadius"":50,""profileOpacity"":100,""profileBlur"":0,""backgroundEffect"":""none"",""usernameEffect"":""none"",""accentColor"":""#3B82F6"",""textColor"":""#FFFFFF"",""secondaryTextColor"":""#DDDDDD"",""backgroundColor"":""#030303"",""gradientEnabled"":false,""gradientColors"":[""#3B82F6"",""#8B5CF6""],""backgroundType"":""solid"",""borderEnabled"":false,""borderColor"":""#3B82F6"",""borderRadius"":16,""aboutMeEnabled"":true,""aboutMeAdvanced"":false,""showJoinDate"":true,""timeFormat"":""12h"",""displayMode"":""absolute"",""timeSchema"":""MMM DD, YYYY, HH:mm A"",""volumeControl"":false,""titleAnimation"":""none"",""forceEnterScreen"":false,""showViews"":true,""viewsAnimation"":false,""viewsAnimationDuration"":1000,""parallaxEnabled"":false,""parallaxInverted"":false,""parallaxIntensity"":50,""allowFeedback"":false,""allowComments"":false,""commentsPublic"":false}",false,false,5,false,false,true,false,https://www.idf.il/,https://twitter.com/IDF,https://github.com/IsraeliTech,https://www.linkedin.com/company/israel-defense-forces/,true,false,0,0,0,0,false,false,none,"{""unlimitedImages"":false,""customDomain"":false,""prioritySupport"":false,""analyticsAccess"":false,""customBranding"":false,""adFree"":false}",[],[],[],2026-01-19T22:15:53.138Z,2026-01-19T22:15:53.155Z,2026-01-19T22:15:53.138Z,0
"""696ead20c29dd0c813cd02c0""","""696ead1fc29dd0c813cd02b8""",netanyahusupporterbd8356471,netanyahusupporterbd8356471,netanyahusupporterbd8,ישראל היא הבית שלי,תומך בישראל,"אני מעריץ של סטארביו! אני אוהב את האתר הזה, תהילה לנטניהו.",https://files.catbox.moe/aetj2v.png,center,https://files.catbox.moe/aetj2v.png,center,"Tel Aviv, Israel",open,offline,[],"[""Python"",""Vue"",""NodeJS""]","[""Marketing Manager""]",Marketing Manager,[],[],false,center,[],"{""primaryColor"":""#8B5CF6"",""secondaryColor"":""#8B5CF6"",""positioning"":""center"",""theme"":""simplistic"",""fontStyle"":""sans-serif"",""cardStyle"":""modern"",""shadowIntensity"":""medium"",""animationSpeed"":""normal"",""enableParticles"":false,""showSocialIcons"":true,""compactMode"":false,""hideStats"":false,""avatarRadius"":50,""profileOpacity"":100,""profileBlur"":0,""backgroundEffect"":""none"",""usernameEffect"":""none"",""accentColor"":""#3B82F6"",""textColor"":""#FFFFFF"",""secondaryTextColor"":""#DDDDDD"",""backgroundColor"":""#030303"",""gradientEnabled"":false,""gradientColors"":[""#3B82F6"",""#8B5CF6""],""backgroundType"":""solid"",""borderEnabled"":false,""borderColor"":""#3B82F6"",""borderRadius"":16,""aboutMeEnabled"":true,""aboutMeAdvanced"":false,""showJoinDate"":true,""timeFormat"":""12h"",""displayMode"":""absolute"",""timeSchema"":""MMM DD, YYYY, HH:mm A"",""volumeControl"":false,""titleAnimation"":""none"",""forceEnterScreen"":false,""showViews"":true,""viewsAnimation"":false,""viewsAnimationDuration"":1000,""parallaxEnabled"":false,""parallaxInverted"":false,""parallaxIntensity"":50,""allowFeedback"":false,""allowComments"":false,""commentsPublic"":false}",false,false,5,false,false,true,false,https://www.idf.il/,https://twitter.com/IDF,https://github.com/IsraeliTech,https://www.linkedin.com/company/israel-defense-forces/,true,false,0,0,0,0,false,false,none,"{""unlimitedImages"":false,""customDomain"":false,""prioritySupport"":false,""analyticsAccess"":false,""customBranding"":false,""adFree"":false}",[],[],[],2026-01-19T22:16:00.511Z,2026-01-19T22:16:00.527Z,2026-01-19T22:16:00.511Z,0
"""696ead28c29dd0c813cd02f5""","""696ead27c29dd0c813cd02d1""",netanyahubestud7p9528,netanyahubestud7p9528,netanyahubestud7p9,ישראל היא הבית שלי,ישראלי גאה,"אני מעריץ של סטארביו! אני אוהב את האתר הזה, תהילה לנטניהו.",https://files.catbox.moe/aetj2v.png,center,https://files.catbox.moe/aetj2v.png,center,"Tel Aviv, Israel",open,offline,[],"[""Vue"",""JavaScript""]","[""Software Engineer""]",Product Designer,[],[],false,center,[],"{""primaryColor"":""#EC4899"",""secondaryColor"":""#8B5CF6"",""positioning"":""center"",""theme"":""portfolio"",""fontStyle"":""sans-serif"",""cardStyle"":""modern"",""shadowIntensity"":""medium"",""animationSpeed"":""normal"",""enableParticles"":false,""showSocialIcons"":true,""compactMode"":false,""hideStats"":false,""avatarRadius"":50,""profileOpacity"":100,""profileBlur"":0,""backgroundEffect"":""none"",""usernameEffect"":""none"",""accentColor"":""#3B82F6"",""textColor"":""#FFFFFF"",""secondaryTextColor"":""#DDDDDD"",""backgroundColor"":""#030303"",""gradientEnabled"":false,""gradientColors"":[""#3B82F6"",""#8B5CF6""],""backgroundType"":""solid"",""borderEnabled"":false,""borderColor"":""#3B82F6"",""borderRadius"":16,""aboutMeEnabled"":true,""aboutMeAdvanced"":false,""showJoinDate"":true,""timeFormat"":""12h"",""displayMode"":""absolute"",""timeSchema"":""MMM DD, YYYY, HH:mm A"",""volumeControl"":false,""titleAnimation"":""none"",""forceEnterScreen"":false,""showViews"":true,""viewsAnimation"":false,""viewsAnimationDuration"":1000,""parallaxEnabled"":false,""parallaxInverted"":false,""parallaxIntensity"":50,""allowFeedback"":false,""allowComments"":false,""commentsPublic"":false}",false,false,5,false,false,true,false,https://www.idf.il/,https://twitter.com/IDF,https://github.com/IsraeliTech,https://www.linkedin.com/company/israel-defense-forces/,true,false,0,0,0,0,false,false,none,"{""unlimitedImages"":false,""customDomain"":false,""prioritySupport"":false,""analyticsAccess"":false,""customBranding"":false,""adFree"":false}",[],[],[],2026-01-19T22:16:08.238Z,2026-01-19T22:16:08.251Z,2026-01-19T22:16:08.238Z,0
"""696ead30c29dd0c813cd0336""","""696ead2fc29dd0c813cd032e""",israelherojedr602,israelherojedr602,israelherojedr,ישראל היא הבית שלי,תומך בישראל,"אני מעריץ של סטארביו! אני אוהב את האתר הזה, תהילה לנטניהו.",https://files.catbox.moe/aetj2v.png,center,https://files.catbox.moe/aetj2v.png,center,"Tel Aviv, Israel",open,offline,[],"[""NodeJS"",""TypeScript""]","[""Creative Director""]",Software Engineer,[],[],false,center,[],"{""primaryColor"":""#F97316"",""secondaryColor"":""#EC4899"",""positioning"":""left"",""theme"":""default"",""fontStyle"":""sans-serif"",""cardStyle"":""modern"",""shadowIntensity"":""medium"",""animationSpeed"":""normal"",""enableParticles"":false,""showSocialIcons"":true,""compactMode"":false,""hideStats"":false,""avatarRadius"":50,""profileOpacity"":100,""profileBlur"":0,""backgroundEffect"":""none"",""usernameEffect"":""none"",""accentColor"":""#3B82F6"",""textColor"":""#FFFFFF"",""secondaryTextColor"":""#DDDDDD"",""backgroundColor"":""#030303"",""gradientEnabled"":false,""gradientColors"":[""#3B82F6"",""#8B5CF6""],""backgroundType"":""solid"",""borderEnabled"":false,""borderColor"":""#3B82F6"",""borderRadius"":16,""aboutMeEnabled"":true,""aboutMeAdvanced"":false,""showJoinDate"":true,""timeFormat"":""12h"",""displayMode"":""absolute"",""timeSchema"":""MMM DD, YYYY, HH:mm A"",""volumeControl"":false,""titleAnimation"":""none"",""forceEnterScreen"":false,""showViews"":true,""viewsAnimation"":false,""viewsAnimationDuration"":1000,""parallaxEnabled"":false,""parallaxInverted"":false,""parallaxIntensity"":50,""allowFeedback"":false,""allowComments"":false,""commentsPublic"":false}",false,false,5,false,false,true,false,https://www.idf.il/,https://twitter.com/IDF,https://github.com/IsraeliTech,https://www.linkedin.com/company/israel-defense-forces/,true,false,0,0,0,0,false,false,none,"{""unlimitedImages"":false,""customDomain"":false,""prioritySupport"":false,""analyticsAccess"":false,""customBranding"":false,""adFree"":false}",[],[],[],2026-01-19T22:16:16.424Z,2026-01-19T22:16:16.438Z,2026-01-19T22:16:16.424Z,0
"""696ead37c29dd0c813cd0349""","""696ead36c29dd0c813cd033f""",israelixo23460,israelixo23460,israelixo,תומך בישראל,ישראל לנצח,"אני מעריץ של סטארביו! אני אוהב את האתר הזה, תהילה לנטניהו.",https://files.catbox.moe/aetj2v.png,center,https://files.catbox.moe/aetj2v.png,center,"Tel Aviv, Israel",open,offline,[],"[""Python"",""TypeScript""]","[""Marketing Manager""]",Software Engineer,[],[],false,center,[],"{""primaryColor"":""#EF4444"",""secondaryColor"":""#8B5CF6"",""positioning"":""left"",""theme"":""simplistic"",""fontStyle"":""sans-serif"",""cardStyle"":""modern"",""shadowIntensity"":""medium"",""animationSpeed"":""normal"",""enableParticles"":false,""showSocialIcons"":true,""compactMode"":false,""hideStats"":false,""avatarRadius"":50,""profileOpacity"":100,""profileBlur"":0,""backgroundEffect"":""none"",""usernameEffect"":""none"",""accentColor"":""#3B82F6"",""textColor"":""#FFFFFF"",""secondaryTextColor"":""#DDDDDD"",""backgroundColor"":""#030303"",""gradientEnabled"":false,""gradientColors"":[""#3B82F6"",""#8B5CF6""],""backgroundType"":""solid"",""borderEnabled"":false,""borderColor"":""#3B82F6"",""borderRadius"":16,""aboutMeEnabled"":true,""aboutMeAdvanced"":false,""showJoinDate"":true,""timeFormat"":""12h"",""displayMode"":""absolute"",""timeSchema"":""MMM DD, YYYY, HH:mm A"",""volumeControl"":false,""titleAnimation"":""none"",""forceEnterScreen"":false,""showViews"":true,""viewsAnimation"":false,""viewsAnimationDuration"":1000,""parallaxEnabled"":false,""parallaxInverted"":false,""parallaxIntensity"":50,""allowFeedback"":false,""allowComments"":false,""commentsPublic"":false}",false,false,5,false,false,true,false,https://www.idf.il/,https://twitter.com/IDF,https://github.com/IsraeliTech,https://www.linkedin.com/company/israel-defense-forces/,true,false,0,0,0,0,false,false,none,"{""unlimitedImages"":false,""customDomain"":false,""prioritySupport"":false,""analyticsAccess"":false,""customBranding"":false,""adFree"":false}",[],[],[],2026-01-19T22:16:23.830Z,2026-01-19T22:16:23.843Z,2026-01-19T22:16:23.831Z,0
"""696ead3fc29dd0c813cd03bc""","""696ead3ec29dd0c813cd0396""",israeli7zu5617519,israeli7zu5617519,israeli7zu56,ישראל חזקה,תומך בנטניהו,"אני מעריץ של סטארביו! אני אוהב את האתר הזה, תהילה לנטניהו.",https://files.catbox.moe/aetj2v.png,center,https://files.catbox.moe/aetj2v.png,center,"Tel Aviv, Israel",open,offline,[],"[""Python"",""TypeScript"",""JavaScript""]","[""Software Engineer""]",Creative Director,[],[],false,center,[],"{""primaryColor"":""#F97316"",""secondaryColor"":""#3B82F6"",""positioning"":""right"",""theme"":""simplistic"",""fontStyle"":""sans-serif"",""cardStyle"":""modern"",""shadowIntensity"":""medium"",""animationSpeed"":""normal"",""enableParticles"":false,""showSocialIcons"":true,""compactMode"":false,""hideStats"":false,""avatarRadius"":50,""profileOpacity"":100,""profileBlur"":0,""backgroundEffect"":""none"",""usernameEffect"":""none"",""accentColor"":""#3B82F6"",""textColor"":""#FFFFFF"",""secondaryTextColor"":""#DDDDDD"",""backgroundColor"":""#030303"",""gradientEnabled"":false,""gradientColors"":[""#3B82F6"",""#8B5CF6""],""backgroundType"":""solid"",""borderEnabled"":false,""borderColor"":""#3B82F6"",""borderRadius"":16,""aboutMeEnabled"":true,""aboutMeAdvanced"":false,""showJoinDate"":true,""timeFormat"":""12h"",""displayMode"":""absolute"",""timeSchema"":""MMM DD, YYYY, HH:mm A"",""volumeControl"":false,""titleAnimation"":""none"",""forceEnterScreen"":false,""showViews"":true,""viewsAnimation"":false,""viewsAnimationDuration"":1000,""parallaxEnabled"":false,""parallaxInverted"":false,""parallaxIntensity"":50,""allowFeedback"":false,""allowComments"":false,""commentsPublic"":false}",false,false,5,false,false,true,false,https://www.idf.il/,https://twitter.com/IDF,https://github.com/IsraeliTech,https://www.linkedin.com/company/israel-defense-forces/,true,false,0,0,0,0,false,false,none,"{""unlimitedImages"":false,""customDomain"":false,""prioritySupport"":false,""analyticsAccess"":false,""customBranding"":false,""adFree"":false}",[],[],[],2026-01-19T22:16:31.989Z,2026-01-19T22:16:32.004Z,2026-01-19T22:16:31.989Z,0
"""696ead47c29dd0c813cd03cd""","""696ead46c29dd0c813cd03c5""",netanyahup8905128,netanyahup8905128,netanyahup8,ישראל לנצח,תומך בנטניהו,"אני מעריץ של סטארביו! אני אוהב את האתר הזה, תהילה לנטניהו.",https://files.catbox.moe/aetj2v.png,center,https://files.catbox.moe/aetj2v.png,center,"Tel Aviv, Israel",open,offline,[],"[""Vue"",""NodeJS"",""TypeScript"",""Python""]","[""Software Engineer""]",Creative Director,[],[],false,center,[],"{""primaryColor"":""#3B82F6"",""secondaryColor"":""#EF4444"",""positioning"":""center"",""theme"":""modern"",""fontStyle"":""sans-serif"",""cardStyle"":""modern"",""shadowIntensity"":""medium"",""animationSpeed"":""normal"",""enableParticles"":false,""showSocialIcons"":true,""compactMode"":false,""hideStats"":false,""avatarRadius"":50,""profileOpacity"":100,""profileBlur"":0,""backgroundEffect"":""none"",""usernameEffect"":""none"",""accentColor"":""#3B82F6"",""textColor"":""#FFFFFF"",""secondaryTextColor"":""#DDDDDD"",""backgroundColor"":""#030303"",""gradientEnabled"":false,""gradientColors"":[""#3B82F6"",""#8B5CF6""],""backgroundType"":""solid"",""borderEnabled"":false,""borderColor"":""#3B82F6"",""borderRadius"":16,""aboutMeEnabled"":true,""aboutMeAdvanced"":false,""showJoinDate"":true,""timeFormat"":""12h"",""displayMode"":""absolute"",""timeSchema"":""MMM DD, YYYY, HH:mm A"",""volumeControl"":false,""titleAnimation"":""none"",""forceEnterScreen"":false,""showViews"":true,""viewsAnimation"":false,""viewsAnimationDuration"":1000,""parallaxEnabled"":false,""parallaxInverted"":false,""parallaxIntensity"":50,""allowFeedback"":false,""allowComments"":false,""commentsPublic"":false}",false,false,5,false,false,true,false,https://www.idf.il/,https://twitter.com/IDF,https://github.com/IsraeliTech,https://www.linkedin.com/company/israel-defense-forces/,true,false,0,0,0,0,false,false,none,"{""unlimitedImages"":false,""customDomain"":false,""prioritySupport"":false,""analyticsAccess"":false,""customBranding"":false,""adFree"":false}",[],[],[],2026-01-19T22:16:39.381Z,2026-01-19T22:16:39.398Z,2026-01-19T22:16:39.381Z,0
"""696ead87c29dd0c813cd0585""","""696ead86c29dd0c813cd057b""",jerusalem0vb18734574,jerusalem0vb18734574,jerusalem0vb18,תומך בנטניהו,ישראלי גאה,"אני מעריץ של סטארביו! אני אוהב את האתר הזה, תהילה לנטניהו.",https://files.catbox.moe/aetj2v.png,center,https://files.catbox.moe/aetj2v.png,center,"Tel Aviv, Israel",open,offline,[],"[""NodeJS"",""React"",""Python"",""TypeScript""]","[""Creative Director""]",Marketing Manager,[],[],false,center,[],"{""primaryColor"":""#EC4899"",""secondaryColor"":""#3B82F6"",""positioning"":""right"",""theme"":""default"",""fontStyle"":""sans-serif"",""cardStyle"":""modern"",""shadowIntensity"":""medium"",""animationSpeed"":""normal"",""enableParticles"":false,""showSocialIcons"":true,""compactMode"":false,""hideStats"":false,""avatarRadius"":50,""profileOpacity"":100,""profileBlur"":0,""backgroundEffect"":""none"",""usernameEffect"":""none"",""accentColor"":""#3B82F6"",""textColor"":""#FFFFFF"",""secondaryTextColor"":""#DDDDDD"",""backgroundColor"":""#030303"",""gradientEnabled"":false,""gradientColors"":[""#3B82F6"",""#8B5CF6""],""backgroundType"":""solid"",""borderEnabled"":false,""borderColor"":""#3B82F6"",""borderRadius"":16,""aboutMeEnabled"":true,""aboutMeAdvanced"":false,""showJoinDate"":true,""timeFormat"":""12h"",""displayMode"":""absolute"",""timeSchema"":""MMM DD, YYYY, HH:mm A"",""volumeControl"":false,""titleAnimation"":""none"",""forceEnterScreen"":false,""showViews"":true,""viewsAnimation"":false,""viewsAnimationDuration"":1000,""parallaxEnabled"":false,""parallaxInverted"":false,""parallaxIntensity"":50,""allowFeedback"":false,""allowComments"":false,""commentsPublic"":false}",false,false,5,false,false,true,false,https://www.idf.il/,https://twitter.com/IDF,https://github.com/IsraeliTech,https://www.linkedin.com/company/israel-defense-forces/,true,false,0,0,0,0,false,false,none,"{""unlimitedImages"":false,""customDomain"":false,""prioritySupport"":false,""analyticsAccess"":false,""customBranding"":false,""adFree"":false}",[],[],[],2026-01-19T22:17:43.724Z,2026-01-19T22:17:43.741Z,2026-01-19T22:17:43.724Z,0
"""696ead90c29dd0c813cd05c3""","""696ead8fc29dd0c813cd05bb""",netanyahufan9uzti09341,netanyahufan9uzti09341,netanyahufan9uzti,תומך בישראל,ישראל לנצח,"אני מעריץ של סטארביו! אני אוהב את האתר הזה, תהילה לנטניהו.",https://files.catbox.moe/aetj2v.png,center,https://files.catbox.moe/aetj2v.png,center,"Tel Aviv, Israel",open,offline,[],"[""Vue"",""NodeJS""]","[""Product Designer""]",Product Designer,[],[],false,center,[],"{""primaryColor"":""#EF4444"",""secondaryColor"":""#8B5CF6"",""positioning"":""center"",""theme"":""simplistic"",""fontStyle"":""sans-serif"",""cardStyle"":""modern"",""shadowIntensity"":""medium"",""animationSpeed"":""normal"",""enableParticles"":false,""showSocialIcons"":true,""compactMode"":false,""hideStats"":false,""avatarRadius"":50,""profileOpacity"":100,""profileBlur"":0,""backgroundEffect"":""none"",""usernameEffect"":""none"",""accentColor"":""#3B82F6"",""textColor"":""#FFFFFF"",""secondaryTextColor"":""#DDDDDD"",""backgroundColor"":""#030303"",""gradientEnabled"":false,""gradientColors"":[""#3B82F6"",""#8B5CF6""],""backgroundType"":""solid"",""borderEnabled"":false,""borderColor"":""#3B82F6"",""borderRadius"":16,""aboutMeEnabled"":true,""aboutMeAdvanced"":false,""showJoinDate"":true,""timeFormat"":""12h"",""displayMode"":""absolute"",""timeSchema"":""MMM DD, YYYY, HH:mm A"",""volumeControl"":false,""titleAnimation"":""none"",""forceEnterScreen"":false,""showViews"":true,""viewsAnimation"":false,""viewsAnimationDuration"":1000,""parallaxEnabled"":false,""parallaxInverted"":false,""parallaxIntensity"":50,""allowFeedback"":false,""allowComments"":false,""commentsPublic"":false}",false,false,5,false,false,true,false,https://www.idf.il/,https://twitter.com/IDF,https://github.com/IsraeliTech,https://www.linkedin.com/company/israel-defense-forces/,true,false,0,0,0,0,false,false,none,"{""unlimitedImages"":false,""customDomain"":false,""prioritySupport"":false,""analyticsAccess"":false,""customBranding"":false,""adFree"":false}",[],[],[],2026-01-19T22:17:52.302Z,2026-01-19T22:17:52.317Z,2026-01-19T22:17:52.302Z,0
"""696ead97c29dd0c813cd05e0""","""696ead96c29dd0c813cd05d8""",netanyahurocksvwsi09347,netanyahurocksvwsi09347,netanyahurocksvwsi,ישראל תמיד,ישראל לנצח,"אני מעריץ של סטארביו! אני אוהב את האתר הזה, תהילה לנטניהו.",https://files.catbox.moe/aetj2v.png,center,https://files.catbox.moe/aetj2v.png,center,"Tel Aviv, Israel",open,offline,[],"[""Python"",""React"",""TypeScript""]","[""Marketing Manager""]",Product Designer,[],[],false,center,[],"{""primaryColor"":""#F97316"",""secondaryColor"":""#F97316"",""positioning"":""right"",""theme"":""modern"",""fontStyle"":""sans-serif"",""cardStyle"":""modern"",""shadowIntensity"":""medium"",""animationSpeed"":""normal"",""enableParticles"":false,""showSocialIcons"":true,""compactMode"":false,""hideStats"":false,""avatarRadius"":50,""profileOpacity"":100,""profileBlur"":0,""backgroundEffect"":""none"",""usernameEffect"":""none"",""accentColor"":""#3B82F6"",""textColor"":""#FFFFFF"",""secondaryTextColor"":""#DDDDDD"",""backgroundColor"":""#030303"",""gradientEnabled"":false,""gradientColors"":[""#3B82F6"",""#8B5CF6""],""backgroundType"":""solid"",""borderEnabled"":false,""borderColor"":""#3B82F6"",""borderRadius"":16,""aboutMeEnabled"":true,""aboutMeAdvanced"":false,""showJoinDate"":true,""timeFormat"":""12h"",""displayMode"":""absolute"",""timeSchema"":""MMM DD, YYYY, HH:mm A"",""volumeControl"":false,""titleAnimation"":""none"",""forceEnterScreen"":false,""showViews"":true,""viewsAnimation"":false,""viewsAnimationDuration"":1000,""parallaxEnabled"":false,""parallaxInverted"":false,""parallaxIntensity"":50,""allowFeedback"":false,""allowComments"":false,""commentsPublic"":false}",false,false,5,false,false,true,false,https://www.idf.il/,https://twitter.com/IDF,https://github.com/IsraeliTech,https://www.linkedin.com/company/israel-defense-forces/,true,false,0,0,0,0,false,false,none,"{""unlimitedImages"":false,""customDomain"":false,""prioritySupport"":false,""analyticsAccess"":false,""customBranding"":false,""adFree"":false}",[],[],[],2026-01-19T22:17:59.861Z,2026-01-19T22:17:59.875Z,2026-01-19T22:17:59.861Z,0
"""696eada0c29dd0c813cd05f9""","""696ead9fc29dd0c813cd05ee""",bibi0x7642901,bibi0x7642901,bibi0x7,גאה בישראל,ישראלי גאה,"אני מעריץ של סטארביו! אני אוהב את האתר הזה, תהילה לנטניהו.",https://files.catbox.moe/aetj2v.png,center,https://files.catbox.moe/aetj2v.png,center,"Tel Aviv, Israel",open,offline,[],"[""Vue"",""NodeJS"",""Python""]","[""Product Designer""]",Creative Director,[],[],false,center,[],"{""primaryColor"":""#EF4444"",""secondaryColor"":""#3B82F6"",""positioning"":""left"",""theme"":""portfolio"",""fontStyle"":""sans-serif"",""cardStyle"":""modern"",""shadowIntensity"":""medium"",""animationSpeed"":""normal"",""enableParticles"":false,""showSocialIcons"":true,""compactMode"":false,""hideStats"":false,""avatarRadius"":50,""profileOpacity"":100,""profileBlur"":0,""backgroundEffect"":""none"",""usernameEffect"":""none"",""accentColor"":""#3B82F6"",""textColor"":""#FFFFFF"",""secondaryTextColor"":""#DDDDDD"",""backgroundColor"":""#030303"",""gradientEnabled"":false,""gradientColors"":[""#3B82F6"",""#8B5CF6""],""backgroundType"":""solid"",""borderEnabled"":false,""borderColor"":""#3B82F6"",""borderRadius"":16,""aboutMeEnabled"":true,""aboutMeAdvanced"":false,""showJoinDate"":true,""timeFormat"":""12h"",""displayMode"":""absolute"",""timeSchema"":""MMM DD, YYYY, HH:mm A"",""volumeControl"":false,""titleAnimation"":""none"",""forceEnterScreen"":false,""showViews"":true,""viewsAnimation"":false,""viewsAnimationDuration"":1000,""parallaxEnabled"":false,""parallaxInverted"":false,""parallaxIntensity"":50,""allowFeedback"":false,""allowComments"":false,""commentsPublic"":false}",false,false,5,false,false,true,false,https://www.idf.il/,https://twitter.com/IDF,https://github.com/IsraeliTech,https://www.linkedin.com/company/israel-defense-forces/,true,false,0,0,0,0,false,false,none,"{""unlimitedImages"":false,""customDomain"":false,""prioritySupport"":false,""analyticsAccess"":false,""customBranding"":false,""adFree"":false}",[],[],[],2026-01-19T22:18:08.539Z,2026-01-19T22:18:08.553Z,2026-01-19T22:18:08.539Z,0
"""696eada8c29dd0c813cd063d""","""696eada7c29dd0c813cd0635""",israeldefensegd8k243439,israeldefensegd8k243439,israeldefensegd8k,גאה להיות ישראלי,ישראל לנצח,"אני מעריץ של סטארביו! אני אוהב את האתר הזה, תהילה לנטניהו.",https://files.catbox.moe/aetj2v.png,center,https://files.catbox.moe/aetj2v.png,center,"Tel Aviv, Israel",open,offline,[],"[""TypeScript"",""Vue""]","[""Creative Director""]",Software Engineer,[],[],false,center,[],"{""primaryColor"":""#F97316"",""secondaryColor"":""#F97316"",""positioning"":""right"",""theme"":""default"",""fontStyle"":""sans-serif"",""cardStyle"":""modern"",""shadowIntensity"":""medium"",""animationSpeed"":""normal"",""enableParticles"":false,""showSocialIcons"":true,""compactMode"":false,""hideStats"":false,""avatarRadius"":50,""profileOpacity"":100,""profileBlur"":0,""backgroundEffect"":""none"",""usernameEffect"":""none"",""accentColor"":""#3B82F6"",""textColor"":""#FFFFFF"",""secondaryTextColor"":""#DDDDDD"",""backgroundColor"":""#030303"",""gradientEnabled"":false,""gradientColors"":[""#3B82F6"",""#8B5CF6""],""backgroundType"":""solid"",""borderEnabled"":false,""borderColor"":""#3B82F6"",""borderRadius"":16,""aboutMeEnabled"":true,""aboutMeAdvanced"":false,""showJoinDate"":true,""timeFormat"":""12h"",""displayMode"":""absolute"",""timeSchema"":""MMM DD, YYYY, HH:mm A"",""volumeControl"":false,""titleAnimation"":""none"",""forceEnterScreen"":false,""showViews"":true,""viewsAnimation"":false,""viewsAnimationDuration"":1000,""parallaxEnabled"":false,""parallaxInverted"":false,""parallaxIntensity"":50,""allowFeedback"":false,""allowComments"":false,""commentsPublic"":false}",false,false,5,false,false,true,false,https://www.idf.il/,https://twitter.com/IDF,https://github.com/IsraeliTech,https://www.linkedin.com/company/israel-defense-forces/,true,false,0,0,0,0,false,false,none,"{""unlimitedImages"":false,""customDomain"":false,""prioritySupport"":false,""analyticsAccess"":false,""customBranding"":false,""adFree"":false}",[],[],[],2026-01-19T22:18:16.715Z,2026-01-19T22:18:16.729Z,2026-01-19T22:18:16.715Z,0
"""696eadb0c29dd0c813cd064e""","""696eadafc29dd0c813cd0646""",israelherouw136,israelherouw136,israelherouw,גאה בישראל,ישראל לנצח,"אני מעריץ של סטארביו! אני אוהב את האתר הזה, תהילה לנטניהו.",https://files.catbox.moe/aetj2v.png,center,https://files.catbox.moe/aetj2v.png,center,"Tel Aviv, Israel",open,offline,[],"[""React"",""Python""]","[""Creative Director""]",Software Engineer,[],[],false,center,[],"{""primaryColor"":""#3B82F6"",""secondaryColor"":""#3B82F6"",""positioning"":""right"",""theme"":""portfolio"",""fontStyle"":""sans-serif"",""cardStyle"":""modern"",""shadowIntensity"":""medium"",""animationSpeed"":""normal"",""enableParticles"":false,""showSocialIcons"":true,""compactMode"":false,""hideStats"":false,""avatarRadius"":50,""profileOpacity"":100,""profileBlur"":0,""backgroundEffect"":""none"",""usernameEffect"":""none"",""accentColor"":""#3B82F6"",""textColor"":""#FFFFFF"",""secondaryTextColor"":""#DDDDDD"",""backgroundColor"":""#030303"",""gradientEnabled"":false,""gradientColors"":[""#3B82F6"",""#8B5CF6""],""backgroundType"":""solid"",""borderEnabled"":false,""borderColor"":""#3B82F6"",""borderRadius"":16,""aboutMeEnabled"":true,""aboutMeAdvanced"":false,""showJoinDate"":true,""timeFormat"":""12h"",""displayMode"":""absolute"",""timeSchema"":""MMM DD, YYYY, HH:mm A"",""volumeControl"":false,""titleAnimation"":""none"",""forceEnterScreen"":false,""showViews"":true,""viewsAnimation"":false,""viewsAnimationDuration"":1000,""parallaxEnabled"":false,""parallaxInverted"":false,""parallaxIntensity"":50,""allowFeedback"":false,""allowComments"":false,""commentsPublic"":false}",false,false,5,false,false,true,false,https://www.idf.il/,https://twitter.com/IDF,https://github.com/IsraeliTech,https://www.linkedin.com/company/israel-defense-forces/,true,false,0,0,0,0,false,false,none,"{""unlimitedImages"":false,""customDomain"":false,""prioritySupport"":false,""analyticsAccess"":false,""customBranding"":false,""adFree"":false}",[],[],[],2026-01-19T22:18:24.154Z,2026-01-19T22:18:24.167Z,2026-01-19T22:18:24.154Z,0
"""696eadb7c29dd0c813cd065f""","""696eadb6c29dd0c813cd0657""",netanyahufanwe469042,netanyahufanwe469042,netanyahufanwe,ישראל חזקה,תומך בישראל,"אני מעריץ של סטארביו! אני אוהב את האתר הזה, תהילה לנטניהו.",https://files.catbox.moe/aetj2v.png,center,https://files.catbox.moe/aetj2v.png,center,"Tel Aviv, Israel",open,offline,[],"[""NodeJS"",""Vue"",""TypeScript"",""React""]","[""Software Engineer""]",Marketing Manager,[],[],false,center,[],"{""primaryColor"":""#EF4444"",""secondaryColor"":""#EF4444"",""positioning"":""right"",""theme"":""simplistic"",""fontStyle"":""sans-serif"",""cardStyle"":""modern"",""shadowIntensity"":""medium"",""animationSpeed"":""normal"",""enableParticles"":false,""showSocialIcons"":true,""compactMode"":false,""hideStats"":false,""avatarRadius"":50,""profileOpacity"":100,""profileBlur"":0,""backgroundEffect"":""none"",""usernameEffect"":""none"",""accentColor"":""#3B82F6"",""textColor"":""#FFFFFF"",""secondaryTextColor"":""#DDDDDD"",""backgroundColor"":""#030303"",""gradientEnabled"":false,""gradientColors"":[""#3B82F6"",""#8B5CF6""],""backgroundType"":""solid"",""borderEnabled"":false,""borderColor"":""#3B82F6"",""borderRadius"":16,""aboutMeEnabled"":true,""aboutMeAdvanced"":false,""showJoinDate"":true,""timeFormat"":""12h"",""displayMode"":""absolute"",""timeSchema"":""MMM DD, YYYY, HH:mm A"",""volumeControl"":false,""titleAnimation"":""none"",""forceEnterScreen"":false,""showViews"":true,""viewsAnimation"":false,""viewsAnimationDuration"":1000,""parallaxEnabled"":false,""parallaxInverted"":false,""parallaxIntensity"":50,""allowFeedback"":false,""allowComments"":false,""commentsPublic"":false}",false,false,5,false,false,true,false,https://www.idf.il/,https://twitter.com/IDF,https://github.com/IsraeliTech,https://www.linkedin.com/company/israel-defense-forces/,true,false,0,0,0,0,false,false,none,"{""unlimitedImages"":false,""customDomain"":false,""prioritySupport"":false,""analyticsAccess"":false,""customBranding"":false,""adFree"":false}",[],[],[],2026-01-19T22:18:31.567Z,2026-01-19T22:18:31.580Z,2026-01-19T22:18:31.567Z,0
"""696eadbec29dd0c813cd0670""","""696eadbdc29dd0c813cd0668""",netanyahusupporterq3ts59453,netanyahusupporterq3ts59453,netanyahusupporterq3ts,ישראל תמיד,ישראל לנצח,"אני מעריץ של סטארביו! אני אוהב את האתר הזה, תהילה לנטניהו.",https://files.catbox.moe/aetj2v.png,center,https://files.catbox.moe/aetj2v.png,center,"Tel Aviv, Israel",open,offline,[],"[""NodeJS"",""React""]","[""Marketing Manager""]",Marketing Manager,[],[],false,center,[],"{""primaryColor"":""#EC4899"",""secondaryColor"":""#EF4444"",""positioning"":""center"",""theme"":""simplistic"",""fontStyle"":""sans-serif"",""cardStyle"":""modern"",""shadowIntensity"":""medium"",""animationSpeed"":""normal"",""enableParticles"":false,""showSocialIcons"":true,""compactMode"":false,""hideStats"":false,""avatarRadius"":50,""profileOpacity"":100,""profileBlur"":0,""backgroundEffect"":""none"",""usernameEffect"":""none"",""accentColor"":""#3B82F6"",""textColor"":""#FFFFFF"",""secondaryTextColor"":""#DDDDDD"",""backgroundColor"":""#030303"",""gradientEnabled"":false,""gradientColors"":[""#3B82F6"",""#8B5CF6""],""backgroundType"":""solid"",""borderEnabled"":false,""borderColor"":""#3B82F6"",""borderRadius"":16,""aboutMeEnabled"":true,""aboutMeAdvanced"":false,""showJoinDate"":true,""timeFormat"":""12h"",""displayMode"":""absolute"",""timeSchema"":""MMM DD, YYYY, HH:mm A"",""volumeControl"":false,""titleAnimation"":""none"",""forceEnterScreen"":false,""showViews"":true,""viewsAnimation"":false,""viewsAnimationDuration"":1000,""parallaxEnabled"":false,""parallaxInverted"":false,""parallaxIntensity"":50,""allowFeedback"":false,""allowComments"":false,""commentsPublic"":false}",false,false,5,false,false,true,false,https://www.idf.il/,https://twitter.com/IDF,https://github.com/IsraeliTech,https://www.linkedin.com/company/israel-defense-forces/,true,false,0,0,0,0,false,false,none,"{""unlimitedImages"":false,""customDomain"":false,""prioritySupport"":false,""analyticsAccess"":false,""customBranding"":false,""adFree"":false}",[],[],[],2026-01-19T22:18:38.909Z,2026-01-19T22:18:38.922Z,2026-01-19T22:18:38.909Z,0
"""696eadc6c29dd0c813cd069f""","""696eadc5c29dd0c813cd068a""",netanyahuchampionoi7en910,netanyahuchampionoi7en910,netanyahuchampionoi7en,ישראל היא הבית שלי,תומך בישראל,"אני מעריץ של סטארביו! אני אוהב את האתר הזה, תהילה לנטניהו.",https://files.catbox.moe/aetj2v.png,center,https://files.catbox.moe/aetj2v.png,center,"Tel Aviv, Israel",open,offline,[],"[""React"",""Python"",""Vue""]","[""Creative Director""]",Marketing Manager,[],[],false,center,[],"{""primaryColor"":""#EC4899"",""secondaryColor"":""#EC4899"",""positioning"":""right"",""theme"":""portfolio"",""fontStyle"":""sans-serif"",""cardStyle"":""modern"",""shadowIntensity"":""medium"",""animationSpeed"":""normal"",""enableParticles"":false,""showSocialIcons"":true,""compactMode"":false,""hideStats"":false,""avatarRadius"":50,""profileOpacity"":100,""profileBlur"":0,""backgroundEffect"":""none"",""usernameEffect"":""none"",""accentColor"":""#3B82F6"",""textColor"":""#FFFFFF"",""secondaryTextColor"":""#DDDDDD"",""backgroundColor"":""#030303"",""gradientEnabled"":false,""gradientColors"":[""#3B82F6"",""#8B5CF6""],""backgroundType"":""solid"",""borderEnabled"":false,""borderColor"":""#3B82F6"",""borderRadius"":16,""aboutMeEnabled"":true,""aboutMeAdvanced"":false,""showJoinDate"":true,""timeFormat"":""12h"",""displayMode"":""absolute"",""timeSchema"":""MMM DD, YYYY, HH:mm A"",""volumeControl"":false,""titleAnimation"":""none"",""forceEnterScreen"":false,""showViews"":true,""viewsAnimation"":false,""viewsAnimationDuration"":1000,""parallaxEnabled"":false,""parallaxInverted"":false,""parallaxIntensity"":50,""allowFeedback"":false,""allowComments"":false,""commentsPublic"":false}",false,false,5,false,false,true,false,https://www.idf.il/,https://twitter.com/IDF,https://github.com/IsraeliTech,https://www.linkedin.com/company/israel-defense-forces/,true,false,0,0,0,0,false,false,none,"{""unlimitedImages"":false,""customDomain"":false,""prioritySupport"":false,""analyticsAccess"":false,""customBranding"":false,""adFree"":false}",[],[],[],2026-01-19T22:18:46.408Z,2026-01-19T22:18:46.424Z,2026-01-19T22:18:46.408Z,0
"""696eadcdc29dd0c813cd06b7""","""696eadccc29dd0c813cd06af""",netanyahufantm04029,netanyahufantm04029,netanyahufantm0,תומך בנטניהו,גאה להיות ישראלי,"אני מעריץ של סטארביו! אני אוהב את האתר הזה, תהילה לנטניהו.",https://files.catbox.moe/aetj2v.png,center,https://files.catbox.moe/aetj2v.png,center,"Tel Aviv, Israel",open,offline,[],"[""Vue"",""Python"",""TypeScript""]","[""Marketing Manager""]",Creative Director,[],[],false,center,[],"{""primaryColor"":""#EF4444"",""secondaryColor"":""#10B981"",""positioning"":""left"",""theme"":""default"",""fontStyle"":""sans-serif"",""cardStyle"":""modern"",""shadowIntensity"":""medium"",""animationSpeed"":""normal"",""enableParticles"":false,""showSocialIcons"":true,""compactMode"":false,""hideStats"":false,""avatarRadius"":50,""profileOpacity"":100,""profileBlur"":0,""backgroundEffect"":""none"",""usernameEffect"":""none"",""accentColor"":""#3B82F6"",""textColor"":""#FFFFFF"",""secondaryTextColor"":""#DDDDDD"",""backgroundColor"":""#030303"",""gradientEnabled"":false,""gradientColors"":[""#3B82F6"",""#8B5CF6""],""backgroundType"":""solid"",""borderEnabled"":false,""borderColor"":""#3B82F6"",""borderRadius"":16,""aboutMeEnabled"":true,""aboutMeAdvanced"":false,""showJoinDate"":true,""timeFormat"":""12h"",""displayMode"":""absolute"",""timeSchema"":""MMM DD, YYYY, HH:mm A"",""volumeControl"":false,""titleAnimation"":""none"",""forceEnterScreen"":false,""showViews"":true,""viewsAnimation"":false,""viewsAnimationDuration"":1000,""parallaxEnabled"":false,""parallaxInverted"":false,""parallaxIntensity"":50,""allowFeedback"":false,""allowComments"":false,""commentsPublic"":false}",false,false,5,false,false,true,false,https://www.idf.il/,https://twitter.com/IDF,https://github.com/IsraeliTech,https://www.linkedin.com/company/israel-defense-forces/,true,false,0,0,0,0,false,false,none,"{""unlimitedImages"":false,""customDomain"":false,""prioritySupport"":false,""analyticsAccess"":false,""customBranding"":false,""adFree"":false}",[],[],[],2026-01-19T22:18:53.798Z,2026-01-19T22:18:53.811Z,2026-01-19T22:18:53.798Z,0
"""696eadd5c29dd0c813cd06ca""","""696eadd4c29dd0c813cd06c2""",israelilovelb1c4970,israelilovelb1c4970,israelilovelb1c,גאה בישראל,תומך בישראל,"אני מעריץ של סטארביו! אני אוהב את האתר הזה, תהילה לנטניהו.",https://files.catbox.moe/aetj2v.png,center,https://files.catbox.moe/aetj2v.png,center,"Tel Aviv, Israel",open,offline,[],"[""Vue""]","[""Creative Director""]",Product Designer,[],[],false,center,[],"{""primaryColor"":""#EF4444"",""secondaryColor"":""#F97316"",""positioning"":""left"",""theme"":""simplistic"",""fontStyle"":""sans-serif"",""cardStyle"":""modern"",""shadowIntensity"":""medium"",""animationSpeed"":""normal"",""enableParticles"":false,""showSocialIcons"":true,""compactMode"":false,""hideStats"":false,""avatarRadius"":50,""profileOpacity"":100,""profileBlur"":0,""backgroundEffect"":""none"",""usernameEffect"":""none"",""accentColor"":""#3B82F6"",""textColor"":""#FFFFFF"",""secondaryTextColor"":""#DDDDDD"",""backgroundColor"":""#030303"",""gradientEnabled"":false,""gradientColors"":[""#3B82F6"",""#8B5CF6""],""backgroundType"":""solid"",""borderEnabled"":false,""borderColor"":""#3B82F6"",""borderRadius"":16,""aboutMeEnabled"":true,""aboutMeAdvanced"":false,""showJoinDate"":true,""timeFormat"":""12h"",""displayMode"":""absolute"",""timeSchema"":""MMM DD, YYYY, HH:mm A"",""volumeControl"":false,""titleAnimation"":""none"",""forceEnterScreen"":false,""showViews"":true,""viewsAnimation"":false,""viewsAnimationDuration"":1000,""parallaxEnabled"":false,""parallaxInverted"":false,""parallaxIntensity"":50,""allowFeedback"":false,""allowComments"":false,""commentsPublic"":false}",false,false,5,false,false,true,false,https://www.idf.il/,https://twitter.com/IDF,https://github.com/IsraeliTech,https://www.linkedin.com/company/israel-defense-forces/,true,false,0,0,0,0,false,false,none,"{""unlimitedImages"":false,""customDomain"":false,""prioritySupport"":false,""analyticsAccess"":false,""customBranding"":false,""adFree"":false}",[],[],[],2026-01-19T22:19:01.239Z,2026-01-19T22:19:01.253Z,2026-01-19T22:19:01.239Z,0
"""696eae31c29dd0c813cd0749""","""696eae30c29dd0c813cd0741""",netanyahufandm625,netanyahufandm625,netanyahufandm,ישראל לנצח,ישראל לנצח,"אני מעריץ של סטארביו! אני אוהב את האתר הזה, תהילה לנטניהו.",https://files.catbox.moe/aetj2v.png,center,https://files.catbox.moe/aetj2v.png,center,"Tel Aviv, Israel",open,offline,[],"[""TypeScript"",""Python"",""NodeJS""]","[""Marketing Manager""]",Software Engineer,[],[],false,center,[],"{""primaryColor"":""#3B82F6"",""secondaryColor"":""#EC4899"",""positioning"":""left"",""theme"":""modern"",""fontStyle"":""sans-serif"",""cardStyle"":""modern"",""shadowIntensity"":""medium"",""animationSpeed"":""normal"",""enableParticles"":false,""showSocialIcons"":true,""compactMode"":false,""hideStats"":false,""avatarRadius"":50,""profileOpacity"":100,""profileBlur"":0,""backgroundEffect"":""none"",""usernameEffect"":""none"",""accentColor"":""#3B82F6"",""textColor"":""#FFFFFF"",""secondaryTextColor"":""#DDDDDD"",""backgroundColor"":""#030303"",""gradientEnabled"":false,""gradientColors"":[""#3B82F6"",""#8B5CF6""],""backgroundType"":""solid"",""borderEnabled"":false,""borderColor"":""#3B82F6"",""borderRadius"":16,""aboutMeEnabled"":true,""aboutMeAdvanced"":false,""showJoinDate"":true,""timeFormat"":""12h"",""displayMode"":""absolute"",""timeSchema"":""MMM DD, YYYY, HH:mm A"",""volumeControl"":false,""titleAnimation"":""none"",""forceEnterScreen"":false,""showViews"":true,""viewsAnimation"":false,""viewsAnimationDuration"":1000,""parallaxEnabled"":false,""parallaxInverted"":false,""parallaxIntensity"":50,""allowFeedback"":false,""allowComments"":false,""commentsPublic"":false}",false,false,5,false,false,true,false,https://www.idf.il/,https://twitter.com/IDF,https://github.com/IsraeliTech,https://www.linkedin.com/company/israel-defense-forces/,true,false,0,0,0,0,false,false,none,"{""unlimitedImages"":false,""customDomain"":false,""prioritySupport"":false,""analyticsAccess"":false,""customBranding"":false,""adFree"":false}",[],[],[],2026-01-19T22:20:33.127Z,2026-01-19T22:20:33.142Z,2026-01-19T22:20:33.127Z,0
